Date,EURUSD,USDJPY,SP500,FTSE100,DAX,MCX,SSEC,N225,XAUUSD,WTI,AAPL,FB,GOOGL
2015-08-03,1.0951,124.03,"2,098.04","6,688.62","11,443.72","1,663.74","3,622.91","20,548.11","1,086.50",45.17,118.44,94.14,664.72
2015-08-04,1.0881,124.39,"2,093.32","6,686.57","11,456.07","1,674.46","3,756.54","20,520.36","1,087.45",45.74,114.64,94.06,661.28
2015-08-05,1.0906,124.9,"2,099.84","6,752.41","11,636.30","1,693.07","3,694.57","20,614.06","1,085.05",45.15,115.4,96.44,673.29
2015-08-06,1.0925,124.74,"2,083.56","6,747.09","11,585.10","1,675.71","3,661.54","20,664.44","1,089.41",44.66,115.13,95.12,670.15
2015-08-07,1.0969,124.22,"2,077.57","6,718.49","11,490.83","1,690.44","3,744.20","20,724.56","1,094.20",43.87,115.52,94.3,664.39
2015-08-10,1.1019,124.63,2104.18,6736.22,11604.78,1702.02,3928.42,20808.69,1104.51,44.96,119.72,94.15,663.14
2015-08-11,1.104,125.13,2084.07,6664.54,11293.65,1697.87,3927.91,20720.75,1109.01,43.08,113.49,93.62,690.3
2015-08-12,1.1157,124.21,2086.05,6571.19,10924.61,1697.65,3886.32,20392.77,1125.3,43.3,115.24,94.19,691.47
2015-08-13,1.1149,124.42,2083.39,6568.33,11014.63,1704.11,3954.56,20595.55,1115.05,42.23,115.15,93.43,686.51
2015-08-14,1.1106,124.31,2091.54,6550.74,10985.14,1712.47,3965.33,20519.45,1114.11,42.5,115.96,94.42,689.37
2015-08-15,NA,NA,NA,NA,NA,NA,NA,NA,NA,NA,NA,NA,NA
2015-08-16,NA,NA,NA,NA,NA,NA,NA,NA,NA,NA,NA,NA,NA
2015-08-17,1.1081,124.39,2102.44,6550.3,10940.33,1707.95,3993.67,20620.26,1117.66,41.87,117.16,93.93,694.11
2015-08-18,1.1021,124.41,2096.92,6526.29,10915.92,1691.24,3748.16,20554.47,1118.01,42.62,116.5,95.17,688.73
2015-08-19,1.1119,123.81,2079.61,6403.45,10682.15,1673.86,3794.11,20222.63,1134.46,40.8,115.01,95.31,694.04
2015-08-20,1.1241,123.41,2035.73,6367.89,10432.19,1695.57,3664.29,20033.52,1153.16,41.14,112.65,90.56,679.48
2015-08-21,1.1389,122.03,1970.89,6187.65,10124.52,1663.31,3507.74,19435.83,1161.05,40.45,105.76,86.06,644.03
2015-08-22,NA,NA,NA,NA,NA,NA,NA,NA,NA,NA,NA,NA,NA
2015-08-23,NA,NA,NA,NA,NA,NA,NA,NA,NA,NA,NA,NA,NA
2015-08-24,1.162,118.42,1893.21,5898.87,9648.43,1634.14,3209.91,18540.68,1155.05,38.24,103.12,82.09,618.11
2015-08-25,1.1517,118.88,1867.61,6081.34,10128.12,1658.13,2964.97,17806.7,1140.65,39.31,103.74,83,612.47
2015-08-26,1.1316,119.92,1940.51,5979.2,9997.43,1660.95,2927.29,18376.83,1125.55,38.6,109.69,87.19,659.74
2015-08-27,1.1245,121.03,1987.66,6192.03,10315.62,1695.22,3083.59,18574.44,1125.71,42.56,112.92,89.73,667.96
2015-08-28,1.1179,121.72,1988.87,6247.94,10298.53,1719.16,3232.35,19136.32,1133.96,45.22,113.29,91.01,659.69
2015-08-29,NA,NA,NA,NA,NA,NA,NA,NA,NA,NA,NA,NA,NA
2015-08-30,NA,NA,NA,NA,NA,NA,NA,NA,NA,NA,NA,NA,NA
2015-08-31,1.1215,121.22,1972.18,NA,10259.46,1733.17,3205.99,18890.48,1134.5,49.2,112.76,89.43,647.82
2015-09-01,1.1319,119.38,1913.85,6058.54,10015.57,1697.99,3166.62,18165.69,1140.11,45.41,107.72,87.23,629.56
2015-09-02,1.1226,120.33,1948.86,6083.31,10048.05,1690.82,3160.17,18095.4,1134.05,46.25,112.34,89.89,644.91
2015-09-03,1.1123,120.08,1951.13,6194.1,10317.84,1710.57,NA,18182.39,1125.25,46.75,110.37,88.15,637.05
2015-09-04,1.1147,119,1921.22,6042.92,10038.04,1698.16,NA,17792.16,1123,46.05,109.27,88.26,628.96
2015-09-05,NA,NA,NA,NA,NA,NA,NA,NA,NA,NA,NA,NA,NA
2015-09-06,NA,NA,NA,NA,NA,NA,NA,NA,NA,45.72,NA,NA,NA
2015-09-07,1.1167,119.28,NA,6074.52,10108.61,1701.18,3080.42,17860.47,1119.47,44.7,NA,NA,NA
2015-09-08,1.12,119.81,1969.41,6146.1,10271.36,1714.18,3170.45,17427.08,1121.8,45.94,112.31,89.53,643.88
2015-09-09,1.1207,120.51,1942.04,6229.01,10303.12,1722.43,3243.09,18770.51,1106.1,44.15,110.15,90.44,643.41
2015-09-10,1.128,120.61,1952.29,6155.81,10210.44,1718.9,3197.89,18299.62,1111.55,45.92,112.57,91.98,651.08
2015-09-11,1.134,120.58,1961.05,6117.76,10123.56,1718.06,3200.23,18264.22,1107.9,44.63,114.21,92.05,655.3
2015-09-12,NA,NA,NA,NA,NA,NA,NA,NA,NA,NA,NA,NA,NA
2015-09-13,NA,NA,NA,NA,NA,NA,NA,NA,NA,NA,NA,NA,NA
2015-09-14,1.1321,120.23,1953.03,6084.59,10131.74,1729.75,3114.8,17965.7,1108.8,44,115.31,92.31,652.47
2015-09-15,1.1266,120.44,1978.09,6137.6,10188.13,1716.26,3005.17,18026.48,1105.4,44.59,116.28,92.9,665.07
2015-09-16,1.1289,120.56,1995.31,6229.21,10227.21,1731.81,3152.26,18171.6,1119.55,47.15,116.41,93.45,665.52
2015-09-17,1.1437,120,1990.2,6186.99,10229.58,1729.2,3086.06,18432.27,1131.4,46.9,113.92,94.34,671.67
2015-09-18,1.1305,120,1958.03,6104.11,9916.16,1710.84,3097.92,18070.21,1139.4,44.68,113.45,94.4,660.92
2015-09-19,NA,NA,NA,NA,NA,NA,NA,NA,NA,NA,NA,NA,NA
2015-09-20,NA,NA,NA,NA,NA,NA,NA,NA,NA,NA,NA,NA,NA
2015-09-21,1.1189,120.55,1966.97,6108.71,9948.51,1699.72,3156.54,NA,1133.3,46.68,115.21,95.55,666.98
2015-09-22,1.112,120.15,1942.74,5935.84,9570.66,1664.25,3185.62,NA,1124.8,45.83,113.4,92.96,653.2
2015-09-23,1.1186,120.3,1938.76,6032.24,9612.62,1640.7,3115.89,NA,1130.4,44.48,114.32,93.97,653.29
2015-09-24,1.123,120.08,1932.24,5961.49,9427.64,1621.43,3142.69,17571.83,1154.01,44.91,115,94.41,654.91
2015-09-25,1.1195,120.58,1931.34,6109.01,9688.53,1639.64,3092.35,17880.51,1146.24,45.7,114.71,92.77,640.15
2015-09-26,NA,NA,NA,NA,NA,NA,NA,NA,NA,NA,NA,NA,NA
2015-09-27,NA,NA,NA,NA,NA,NA,NA,NA,NA,NA,NA,NA,NA
2015-09-28,1.1245,119.92,1881.77,5958.86,9483.55,1616.36,3100.76,17645.11,1132.05,44.43,112.44,89.21,624.25
2015-09-29,1.1249,119.73,1884.09,5909.24,9450.4,1630.51,3038.14,16930.84,1127.46,45.23,109.06,86.67,622.61
2015-09-30,1.1177,119.86,1920.03,6061.61,9660.44,1642.97,3052.78,17388.15,1115,45.09,110.3,89.9,638.37
2015-10-01,1.1195,119.94,1923.82,6072.47,9509.25,1626.97,NA,17722.42,1113.55,44.74,109.58,90.95,642
2015-10-02,1.1211,119.91,1951.36,6129.98,9553.07,1612.56,NA,17725.13,1138.14,45.54,110.38,92.07,656.99
2015-10-03,NA,NA,NA,NA,NA,NA,NA,NA,NA,NA,NA,NA,NA
2015-10-04,NA,NA,NA,NA,NA,NA,NA,NA,NA,NA,NA,NA,NA
2015-10-05,1.1185,120.46,1987.05,6298.92,9814.79,1652.47,NA,18005.49,1135.75,46.26,110.78,94.01,671.68
2015-10-06,1.1272,120.25,1979.92,6326.16,9902.83,1670.69,NA,18186.1,1147.11,48.53,111.31,92.8,671.64
2015-10-07,1.1236,120.02,1995.83,6336.35,9970.4,1679.49,NA,18322.98,1145.4,47.81,110.78,92.4,670
2015-10-08,1.1279,119.94,2013.43,6374.82,9993.07,1689.32,3143.36,18141.17,1138.96,49.43,109.5,92.47,667
2015-10-09,1.1358,120.28,2014.89,6416.16,10096.6,1728.44,3183.15,18438.67,1157.53,49.63,112.12,93.24,671.24
2015-10-10,NA,NA,NA,NA,NA,NA,NA,NA,NA,NA,NA,NA,NA
2015-10-11,NA,NA,NA,NA,NA,NA,NA,NA,NA,NA,NA,NA,NA
2015-10-12,1.1356,120.03,2017.46,6371.18,10119.83,1710.6,3287.66,NA,1164,47.1,111.6,94.26,676.43
2015-10-13,1.1379,119.75,2003.69,6342.28,10032.82,1720.81,3293.23,18234.74,1168.8,46.66,111.79,94.12,683.17
2015-10-14,1.1474,118.83,1994.24,6269.61,9915.85,1723.01,3262.44,17891,1185.19,46.64,110.21,94.07,680.41
2015-10-15,1.1383,118.89,2023.86,6338.67,10064.8,1731.91,3338.07,18096.9,1183.11,46.38,111.86,95.96,693.02
2015-10-16,1.1346,119.44,2033.11,6378.04,10104.43,1717,3391.35,18291.8,1177.2,47.26,111.04,97.54,695.32
2015-10-17,NA,NA,NA,NA,NA,NA,NA,NA,NA,NA,NA,NA,NA
2015-10-18,NA,NA,NA,NA,NA,NA,NA,NA,NA,NA,NA,NA,NA
2015-10-19,1.1327,119.5,2033.66,6352.33,10164.31,1716.08,3386.7,18131.23,1170.45,45.89,111.73,98.47,699.95
2015-10-20,1.1345,119.84,2030.77,6345.13,10147.68,1722.62,3425.33,18207.15,1176.11,45.55,113.77,97,680
2015-10-21,1.1339,119.95,2018.94,6348.42,10238.1,1709.94,3320.68,18554.28,1167.1,45.2,113.76,97.11,671.8
2015-10-22,1.1106,120.69,2052.51,6376.28,10491.97,1712.1,3368.74,18435.87,1166.05,45.38,115.5,99.67,681.14
2015-10-23,1.1018,121.47,2075.15,6444.08,10794.54,1725.45,3412.43,18825.3,1164.26,44.6,119.08,102.19,719.33
2015-10-24,NA,NA,NA,NA,NA,NA,NA,NA,NA,NA,NA,NA,NA
2015-10-25,NA,NA,NA,NA,NA,NA,NA,NA,NA,NA,NA,NA,NA
2015-10-26,1.1057,121.09,2071.18,6417.02,10801.34,1712.13,3429.58,18947.12,1163.2,43.98,115.28,103.77,731.12
2015-10-27,1.1049,120.46,2065.89,6365.27,10692.19,1725.89,3434.34,18777.04,1166.95,43.2,114.55,103.7,732.82
2015-10-28,1.092,121.09,2090.35,6437.8,10831.96,1726.61,3375.2,18903.02,1156.1,45.94,119.27,104.2,736.92
2015-10-29,1.0977,121.13,2089.41,6395.8,10800.84,1708.6,3387.32,18935.71,1145.91,46.06,120.53,104.88,744.85
2015-10-30,1.1005,120.62,2079.36,6361.09,10850.14,1711.53,3382.56,19083.1,1142.38,46.59,119.5,101.97,737.39
2015-10-31,NA,NA,NA,NA,NA,NA,NA,NA,NA,NA,NA,NA,NA
2015-11-01,NA,NA,NA,NA,NA,NA,NA,NA,NA,NA,NA,NA,NA
2015-11-02,1.1015,120.75,2104.05,6361.8,10950.67,1735.75,3325.08,18683.24,1133.75,46.14,121.18,103.31,747.74
2015-11-03,1.0967,121.06,2109.79,6383.61,10951.15,1763.6,3316.7,NA,1117.6,47.9,122.57,102.58,748.82
2015-11-04,1.0862,121.56,2102.31,6412.88,10845.24,NA,3459.64,18926.91,1107.44,46.32,122,103.94,755.31
2015-11-05,1.0883,121.75,2099.93,6364.9,10887.74,1766.28,3522.82,19116.41,1103.95,45.2,120.92,108.76,760.67
2015-11-06,1.0741,123.16,2099.2,6353.83,10988.03,1754.36,3590.03,19265.6,1088.64,44.29,121.06,107.09,761.6
2015-11-07,NA,NA,NA,NA,NA,NA,NA,NA,NA,NA,NA,NA,NA
2015-11-08,NA,NA,NA,NA,NA,NA,NA,NA,NA,NA,NA,NA,NA
2015-11-09,1.0752,123.19,2078.58,6295.16,10815.45,1751.44,3646.88,19642.74,1092.1,43.87,120.57,106.49,754.77
2015-11-10,1.0723,123.14,2081.72,6275.28,10832.52,1746.94,3640.49,19671.26,1089.91,44.21,116.77,107.91,758.26
2015-11-11,1.0744,122.84,2075,6297.2,10907.87,1740.56,3650.25,19691.39,1086.14,42.93,116.11,109.01,765.25
2015-11-12,1.0817,122.61,2045.97,6178.68,10782.63,1739.96,3632.9,19697.77,1085.05,41.75,115.72,108.02,756.53
2015-11-13,1.0779,122.64,2023.04,6118.28,10708.4,1728.17,3580.84,19596.91,1083.64,40.74,112.34,103.95,740.07
2015-11-14,NA,NA,NA,NA,NA,NA,NA,NA,NA,NA,NA,NA,NA
2015-11-15,NA,NA,NA,NA,NA,NA,NA,NA,NA,NA,NA,NA,NA
2015-11-16,1.0687,123.17,2053.19,6146.38,10713.23,1739.8,3606.96,19393.69,1082.85,41.74,114.17,104.04,750.42
2015-11-17,1.0644,123.45,2050.44,6268.76,10971.04,1787.23,3604.8,19630.63,1070.37,40.67,113.69,105.13,745.98
2015-11-18,1.0659,123.64,2083.58,6278.97,10959.95,1810.48,3568.47,19649.18,1071.14,40.75,117.29,107.77,760.01
2015-11-19,1.0734,122.86,2081.24,6329.93,11085.44,1811.2,3617.06,19859.81,1082.4,40.54,118.78,106.26,759.94
2015-11-20,1.0646,122.91,2089.17,6334.63,11119.83,1826.72,3630.5,19879.81,1078.1,40.39,119.3,107.32,777
2015-11-21,NA,NA,NA,NA,NA,NA,NA,NA,NA,NA,NA,NA,NA
2015-11-22,NA,NA,NA,NA,NA,NA,NA,NA,NA,NA,NA,NA,NA
2015-11-23,1.0636,122.84,2086.59,6305.49,11092.31,1868.07,3610.31,NA,1069.34,41.75,117.75,106.95,776.7
2015-11-24,1.0641,122.53,2089.14,6277.23,10933.99,1810.05,3616.11,19924.89,1075.49,42.87,118.88,105.74,769.63
2015-11-25,1.0627,122.72,2088.87,6337.64,11169.54,1833.53,3647.93,19847.58,1071.39,43.04,118.03,105.41,769.26
2015-11-26,1.0611,122.62,NA,6393.13,11320.77,1828.3,3635.55,19944.41,1072.25,42.59,NA,NA,NA
2015-11-27,1.0593,122.84,2090.11,6375.15,11293.76,1795.7,3436.3,19883.94,1058.81,41.71,117.81,105.45,771.97
2015-11-28,NA,NA,NA,NA,NA,NA,NA,NA,NA,NA,NA,NA,NA
2015-11-29,NA,NA,NA,NA,NA,NA,NA,NA,NA,NA,NA,NA,NA
2015-11-30,1.0564,123.1,2080.41,6356.09,11382.23,1771.05,3445.4,19747.47,1064.42,41.65,118.3,104.24,762.85
2015-12-01,1.0632,122.87,2102.63,6395.65,11261.24,1772.97,3456.31,20012.4,1069.49,41.85,117.34,107.12,783.79
2015-12-02,1.0615,123.25,2079.51,6420.93,11190.02,1770.13,3536.91,19938.13,1053.69,39.94,116.28,106.07,777.85
2015-12-03,1.0941,122.61,2049.62,6275,10789.24,1787.23,3584.82,19939.9,1062.57,41.08,115.2,104.38,768.2
2015-12-04,1.0886,123.17,2091.69,6238.29,10752.1,1755.22,3524.99,19504.48,1086.99,39.97,119.03,106.18,779.21
2015-12-05,NA,NA,NA,NA,NA,NA,NA,NA,NA,NA,NA,NA,NA
2015-12-06,NA,NA,NA,NA,NA,NA,NA,NA,NA,NA,NA,NA,NA
2015-12-07,1.0836,123.38,2077.07,6223.52,10886.09,1741.14,3536.93,19698.15,1070.39,37.65,118.28,105.61,772.99
2015-12-08,1.0894,122.92,2063.59,6135.22,10673.6,1718.77,3470.07,19492.6,1074.69,37.51,118.23,106.49,775.14
2015-12-09,1.1025,121.44,2047.62,6126.68,10592.49,1733.09,3472.44,19301.07,1073.21,37.16,115.62,104.6,762.55
2015-12-10,1.094,121.6,2052.23,6088.05,10598.93,1732.89,3455.5,19046.55,1071.54,36.76,116.17,105.42,760.04
2015-12-11,1.099,120.86,2012.37,5952.78,10340.06,1720.31,3434.58,19230.48,1074.89,35.62,113.18,102.12,750.42
2015-12-12,NA,NA,NA,NA,NA,NA,NA,NA,NA,NA,NA,NA,NA
2015-12-13,NA,NA,NA,NA,NA,NA,NA,NA,NA,NA,NA,NA,NA
2015-12-14,1.0992,121.03,2021.94,5874.06,10139.34,1708.7,3520.67,18883.42,1062.9,36.31,112.48,104.66,762.54
2015-12-15,1.0928,121.68,2043.41,6017.79,10450.38,1742.46,3510.35,18565.9,1060.74,37.35,110.49,104.55,760.09
2015-12-16,1.0913,122.22,2073.07,6061.19,10469.26,1754.71,3516.19,19049.91,1072.94,35.52,111.34,106.79,776.59
2015-12-17,1.0825,122.56,2041.89,6102.54,10738.12,1780.97,3580,19353.56,1051.74,34.95,108.98,106.22,769.83
2015-12-18,1.0868,121.22,2005.55,6052.42,10608.19,1719.16,3578.96,18986.8,1066.19,34.73,106.03,104.04,756.85
2015-12-19,NA,NA,NA,NA,NA,NA,NA,NA,NA,NA,NA,NA,NA
2015-12-20,NA,NA,NA,NA,NA,NA,NA,NA,NA,NA,NA,NA,NA
2015-12-21,1.0915,121.19,2021.15,6034.84,10497.77,1716.91,3642.47,18916.02,1078.44,34.74,107.33,104.77,760.8
2015-12-22,1.0955,121.08,2038.97,6083.1,10488.75,1723.35,3651.77,18886.7,1072.36,36.14,107.23,105.51,767.13
2015-12-23,1.091,120.93,2064.29,6240.98,10727.64,1747.85,3636.09,NA,1070.35,37.5,108.61,104.63,768.51
2015-12-24,1.0973,120.44,2060.99,6254.64,NA,1742.71,3612.49,18789.69,1075.88,38.1,108.03,105.02,765.84
2015-12-25,1.0977,120.42,NA,NA,NA,1734.21,3627.91,18769.06,1075.88,NA,NA,NA,NA
2015-12-26,NA,NA,NA,NA,NA,NA,NA,NA,NA,NA,NA,NA,NA
2015-12-27,NA,NA,NA,NA,NA,NA,NA,NA,NA,NA,NA,NA,NA
2015-12-28,1.0968,120.41,2056.5,NA,10653.91,1731.2,3533.78,18873.35,1069.05,36.81,106.82,105.93,782.24
2015-12-29,1.0917,120.47,2078.36,6314.57,10860.14,1763.38,3563.74,18982.23,1068.99,37.87,108.74,107.26,793.96
2015-12-30,1.0933,120.52,2063.36,6274.05,10743.01,1761.36,3572.88,19033.71,1061.45,36.6,107.32,106.22,790.3
2015-12-31,1.086,120.32,2043.94,6242.32,NA,NA,3539.18,NA,1061.3,37.04,105.26,104.66,778.01
2016-01-01,1.086,120.33,NA,NA,NA,NA,NA,NA,1060.74,NA,NA,NA,NA
2016-01-02,NA,NA,NA,NA,NA,NA,NA,NA,NA,NA,NA,NA,NA
2016-01-03,NA,NA,NA,NA,NA,NA,NA,NA,NA,NA,NA,NA,NA
2016-01-04,1.0832,119.44,2012.66,6093.43,10283.44,1734.56,3296.26,18450.98,1074.7,36.76,105.35,102.22,759.44
2016-01-05,1.0748,119.06,2016.71,6137.24,10310.1,1754.13,3287.71,18374,1077.66,35.97,102.71,102.73,761.53
2016-01-06,1.0781,118.47,1990.26,6073.38,10214.02,1748.57,3361.84,18191.32,1094.45,33.97,100.7,102.97,759.33
2016-01-07,1.0936,117.68,1943.09,5954.08,9979.85,NA,3125,17767.34,1109.25,33.27,96.45,97.92,741
2016-01-08,1.0932,117.45,1922.03,5912.44,9849.34,NA,3186.41,17697.96,1104.24,33.16,96.96,97.33,730.91
2016-01-09,NA,NA,NA,NA,NA,NA,NA,NA,NA,NA,NA,NA,NA
2016-01-10,NA,NA,NA,NA,NA,NA,NA,NA,NA,NA,NA,NA,NA
2016-01-11,1.086,117.77,1923.67,5871.83,9825.07,1682.54,3016.7,NA,1094.26,31.41,98.53,97.51,733.07
2016-01-12,1.0857,117.64,1938.68,5929.24,9985.43,1690.3,3022.86,17218.96,1087.05,30.44,99.96,99.37,745.34
2016-01-13,1.0877,117.69,1890.28,5960.97,9960.96,1684.78,2949.6,17715.63,1093.49,30.48,97.39,95.44,719.57
2016-01-14,1.0865,118.05,1921.84,5918.23,9794.2,1680.77,3007.65,17240.95,1078,31.2,99.52,98.37,731.39
2016-01-15,1.0917,117.06,1880.33,5804.1,9545.27,1608.36,2900.97,17147.11,1089.1,29.42,97.13,94.97,710.49
2016-01-16,NA,NA,NA,NA,NA,NA,NA,NA,NA,NA,NA,NA,NA
2016-01-17,NA,NA,NA,NA,NA,NA,NA,NA,NA,29.75,NA,NA,NA
2016-01-18,1.0893,117.34,NA,5779.92,9521.85,1622.43,2913.84,16955.57,1088.9,30.02,NA,NA,NA
2016-01-19,1.0909,117.64,1881.33,5876.8,9664.21,1645.56,3007.74,17048.37,1087.12,28.46,96.66,95.26,719.08
2016-01-20,1.0891,116.94,1859.33,5673.58,9391.64,1630.39,2976.69,16416.19,1101.02,26.55,96.79,94.35,718.56
2016-01-21,1.0874,117.7,1868.99,5773.79,9574.16,1677.19,2880.48,16017.26,1101.6,29.53,96.3,94.16,726.67
2016-01-22,1.0797,118.78,1906.9,5900.01,9764.88,1717.98,2916.56,16958.53,1098.3,32.19,101.42,97.94,745.46
2016-01-23,NA,NA,NA,NA,NA,NA,NA,NA,NA,NA,NA,NA,NA
2016-01-24,NA,NA,NA,NA,NA,NA,NA,NA,NA,NA,NA,NA,NA
2016-01-25,1.0849,118.3,1877.08,5877,9736.15,1716.56,2938.51,17110.91,1108.05,30.34,99.44,97.01,733.62
2016-01-26,1.0872,118.42,1903.63,5911.46,9822.75,1705.01,2749.79,16708.9,1120.57,31.45,99.99,97.34,733.79
2016-01-27,1.0893,118.67,1882.95,5990.37,9880.82,1747.57,2735.56,17163.92,1125.59,32.3,93.42,94.45,717.58
2016-01-28,1.0939,118.83,1893.36,5931.78,9639.59,1771.93,2655.66,17041.45,1115.14,33.22,94.09,109.11,748.3
2016-01-29,1.0837,121.06,1940.24,6083.79,9798.11,1784.92,2737.6,17518.3,1118.04,33.62,97.34,112.21,761.35
2016-01-30,NA,NA,NA,NA,NA,NA,NA,NA,NA,NA,NA,NA,NA
2016-01-31,NA,NA,NA,NA,NA,NA,NA,NA,NA,NA,NA,NA,NA
2016-02-01,1.0889,120.98,1939.38,6060.1,9757.88,1773.21,2688.85,17865.23,1128.85,31.62,96.43,115.09,770.77
2016-02-02,1.0919,119.97,1903.03,5922.01,9581.04,1758.26,2749.57,17750.68,1129.12,29.88,94.48,114.61,780.91
2016-02-03,1.1104,117.92,1912.53,5837.14,9434.82,1746.35,2739.25,17191.25,1142.93,32.28,96.35,112.69,749.38
2016-02-04,1.1208,116.77,1915.45,5898.76,9393.36,1787.93,2781.02,17044.99,1155.74,31.72,96.6,110.49,730.03
2016-02-05,1.1159,116.9,1880.05,5848.06,9286.23,1780.59,2763.49,16819.59,1173.69,30.89,94.02,104.07,703.76
2016-02-06,NA,NA,NA,NA,NA,NA,NA,NA,NA,NA,NA,NA,NA
2016-02-07,NA,NA,NA,NA,NA,NA,NA,NA,NA,NA,NA,NA,NA
2016-02-08,1.1198,115.84,1853.44,5689.36,8979.36,1744.27,NA,17004.3,1191.14,29.69,95.01,99.75,704.16
2016-02-09,1.1293,115.11,1852.21,5632.19,8879.4,1723.36,NA,16085.44,1188.85,27.94,94.99,99.54,701.02
2016-02-10,1.129,113.34,1851.86,5672.3,9017.29,1730.83,NA,15713.39,1197.49,27.45,94.27,101,706.85
2016-02-11,1.1324,112.42,1829.08,5536.97,8752.87,1711.58,NA,NA,1246.89,26.21,93.7,101.91,706.36
2016-02-12,1.126,113.22,1864.78,5707.6,8967.51,1726.04,NA,14952.61,1238.05,29.44,93.99,102.01,706.89
2016-02-13,NA,NA,NA,NA,NA,NA,NA,NA,NA,NA,NA,NA,NA
2016-02-14,NA,NA,NA,NA,NA,NA,NA,NA,NA,29.08,NA,NA,NA
2016-02-15,1.1155,114.58,NA,5824.28,9206.84,1738.54,2746.2,16022.58,1209.95,30.6,NA,NA,NA
2016-02-16,1.1144,114.08,1895.58,5862.17,9135.11,1753.86,2836.57,16054.43,1200.35,29.04,96.64,101.61,717.64
2016-02-17,1.1128,114.11,1926.82,6030.32,9377.21,1770.31,2867.34,15836.36,1209.14,30.66,98.12,105.2,731.97
2016-02-18,1.1107,113.25,1917.83,5971.95,9463.64,1807.21,2862.89,16196.8,1232.35,30.77,96.26,103.47,717.51
2016-02-19,1.1135,112.57,1917.78,5950.23,9388.05,1793.37,2860.02,15967.17,1228.19,29.64,96.04,104.57,722.11
2016-02-20,NA,NA,NA,NA,NA,1790.15,NA,NA,NA,NA,NA,NA,NA
2016-02-21,NA,NA,NA,NA,NA,NA,NA,NA,NA,NA,NA,NA,NA
2016-02-22,1.1029,112.92,1945.5,6037.73,9573.59,1822.38,2927.18,16111.05,1208.74,31.48,96.88,107.16,729.05
2016-02-23,1.102,112.11,1921.27,5962.31,9416.77,NA,2903.33,16052.05,1227.46,31.87,94.69,105.46,717.29
2016-02-24,1.1013,112.19,1929.8,5867.18,9167.8,1797.27,2928.9,15915.79,1229.35,32.15,96.1,106.88,720.9
2016-02-25,1.1023,113,1951.7,6012.81,9331.48,1803.89,2741.25,16140.34,1234.64,33.07,96.76,108.07,729.12
2016-02-26,1.0934,114,1948.05,6096.01,9513.3,1816.73,2767.21,16188.41,1222.6,32.78,96.91,107.92,724.86
2016-02-27,NA,NA,NA,NA,NA,NA,NA,NA,NA,NA,96.95,107.95,724.62
2016-02-28,NA,NA,NA,NA,NA,NA,NA,NA,NA,NA,NA,NA,NA
2016-02-29,1.0873,112.69,1932.23,6097.09,9495.4,1840.17,2687.98,16026.76,1238.14,33.75,96.69,106.92,717.22
2016-03-01,1.0867,114.01,1978.35,6152.88,9717.16,1844.17,2733.17,16085.51,1232.26,34.4,100.53,109.82,742.17
2016-03-02,1.0868,113.48,1986.45,6147.06,9776.62,1832.84,2849.68,16746.55,1240.3,34.66,100.75,109.95,739.48
2016-03-03,1.0957,113.69,1993.4,6130.46,9751.92,1858.69,2859.76,16960.16,1263.69,34.57,101.5,109.58,731.59
2016-03-04,1.1004,113.76,1999.99,6199.43,9824.17,1878.29,2874.15,17014.78,1259.44,35.92,103.01,108.39,730.22
2016-03-05,NA,NA,NA,NA,NA,NA,NA,NA,NA,NA,NA,NA,NA
2016-03-06,NA,NA,NA,NA,NA,NA,NA,NA,NA,NA,NA,NA,NA
2016-03-07,1.1014,113.47,2001.76,6182.4,9778.93,1909.57,2897.34,16911.32,1267.39,37.9,101.87,105.73,712.8
2016-03-08,1.1011,112.61,1979.26,6125.44,9692.82,NA,2901.39,16783.15,1261.1,36.5,101.03,105.93,713.53
2016-03-09,1.0999,113.34,1989.26,6146.32,9723.09,1883,2862.56,16642.2,1252.94,38.29,101.12,107.51,725.41
2016-03-10,1.1177,113.19,1989.57,6036.7,9498.15,1884.63,2804.73,16852.35,1271.44,37.84,101.17,107.32,732.17
2016-03-11,1.1153,113.81,2022.19,6139.79,9831.13,1876.54,2810.31,16938.87,1248.44,38.5,102.26,109.41,744.87
2016-03-12,NA,NA,NA,NA,NA,NA,NA,NA,NA,NA,NA,NA,NA
2016-03-13,NA,NA,NA,NA,NA,NA,NA,NA,NA,NA,NA,NA,NA
2016-03-14,1.1106,113.83,2019.64,6174.57,9990.26,1865.31,2859.5,17233.75,1235.28,37.18,102.52,109.89,750.24
2016-03-15,1.1109,113.19,2015.93,6139.97,9933.85,1855.06,2864.37,17117.07,1232.38,36.34,104.58,110.67,750.57
2016-03-16,1.1225,112.59,2027.22,6175.49,9983.41,1871.2,2870.43,16974.45,1263.08,38.46,105.97,112.18,757.36
2016-03-17,1.1319,111.39,2040.59,6201.12,9892.2,1890.79,2904.83,16936.38,1257.9,40.2,105.8,111.02,758.48
2016-03-18,1.127,111.57,2049.58,6189.64,9950.8,1914.02,2955.15,16724.81,1255.3,39.44,105.92,111.45,755.41
2016-03-19,NA,NA,NA,NA,NA,NA,NA,NA,NA,NA,NA,NA,NA
2016-03-20,NA,NA,NA,NA,NA,NA,NA,NA,NA,NA,NA,NA,NA
2016-03-21,1.1241,111.94,2051.6,6184.58,9948.64,1904.5,3018.8,NA,1243.74,39.91,105.91,111.85,762.16
2016-03-22,1.1217,112.38,2049.8,6192.74,9990,1903.47,2999.36,17048.55,1248.38,41.45,106.72,112.25,760.05
2016-03-23,1.1184,112.38,2036.71,6199.11,10022.93,1879.89,3009.96,17000.98,1220.17,39.79,106.13,112.54,757.56
2016-03-24,1.1174,112.91,2035.94,6106.48,9851.35,1866.67,2960.97,16892.33,1216.99,39.46,105.67,113.05,754.84
2016-03-25,1.1166,113.07,NA,NA,NA,1866.23,2979.43,17002.75,1216.47,NA,NA,NA,NA
2016-03-26,NA,NA,NA,NA,NA,NA,NA,NA,NA,NA,NA,NA,NA
2016-03-27,NA,NA,NA,NA,NA,NA,NA,NA,NA,NA,NA,NA,NA
2016-03-28,1.1196,113.45,2037.05,NA,NA,1849.31,2957.82,17134.37,1221.05,39.39,105.19,113.69,753.28
2016-03-29,1.1291,112.69,2055.01,6105.9,9887.94,1845.2,2919.83,17103.53,1242.55,38.28,107.68,116.14,765.89
2016-03-30,1.1338,112.42,2063.95,6203.17,10046.61,1868.1,3000.64,16878.96,1224.85,38.32,109.56,114.7,768.34
2016-03-31,1.138,112.58,2059.74,6174.9,9965.51,1871.15,3003.92,16758.67,1232.7,38.34,108.99,114.1,762.9
2016-04-01,1.1387,111.67,2072.78,6146.05,9794.64,1856.77,3009.53,16164.16,1222.49,36.79,109.99,116.06,769.67
2016-04-02,NA,NA,NA,NA,NA,NA,NA,NA,NA,NA,NA,NA,NA
2016-04-03,NA,NA,NA,NA,NA,NA,NA,NA,NA,NA,NA,NA,NA
2016-04-04,1.1392,111.33,2066.13,6164.72,9822.08,1866.64,NA,16123.27,1215.4,35.7,111.12,112.55,765.12
2016-04-05,1.1384,110.33,2045.17,6091.23,9563.36,1857.09,3053.07,15732.82,1231.14,35.89,109.81,112.22,758.57
2016-04-06,1.1399,109.8,2066.66,6161.63,9624.51,1860.17,3050.59,15715.36,1222.35,37.75,110.96,113.71,768.07
2016-04-07,1.1377,108.22,2041.91,6136.89,9530.62,1858.85,3008.42,15749.84,1240.69,37.26,108.54,113.64,760.12
2016-04-08,1.1401,108.06,2047.6,6204.41,9622.26,1877.27,2984.96,15821.52,1240.39,39.72,108.66,110.63,759.47
2016-04-09,NA,NA,NA,NA,NA,NA,NA,NA,NA,NA,NA,NA,NA
2016-04-10,NA,NA,NA,NA,NA,NA,NA,NA,NA,NA,NA,NA,NA
2016-04-11,1.1408,107.94,2041.99,6200.12,9682.99,1906.9,3033.96,15751.13,1257.95,40.36,109.02,108.99,757.54
2016-04-12,1.1386,108.55,2061.72,6242.39,9761.47,1899.26,3023.65,15928.79,1255.94,42.17,110.44,110.61,764.32
2016-04-13,1.1274,109.34,2082.42,6362.89,10026.1,1932.8,3066.64,16381.22,1243.14,41.76,112.04,110.51,771.91
2016-04-14,1.1268,109.4,2082.78,6365.1,10093.65,1915.85,3082.36,16911.05,1227.39,41.5,112.1,110.84,775.39
2016-04-15,1.1283,108.77,2080.73,6343.75,10051.57,1907.78,3078.12,16848.03,1234.05,40.36,109.85,109.64,780
2016-04-16,NA,NA,NA,NA,NA,NA,NA,NA,NA,NA,NA,NA,NA
2016-04-17,NA,NA,NA,NA,NA,NA,NA,NA,NA,NA,NA,NA,NA
2016-04-18,1.1314,108.83,2094.34,6353.52,10120.31,1892.64,3033.66,16275.95,1231.55,39.78,107.48,110.45,787.68
2016-04-19,1.1358,109.2,2100.8,6405.35,10349.59,1930.14,3042.82,16874.44,1250.5,41.08,106.91,112.29,776.25
2016-04-20,1.1297,109.84,2102.4,6410.26,10421.29,1960.18,2972.58,16906.54,1244.05,42.63,107.13,112.42,774.92
2016-04-21,1.1288,109.45,2091.48,6381.44,10435.73,1950.08,2952.89,17363.62,1248.85,43.18,105.97,113.44,780
2016-04-22,1.1234,111.79,2091.58,6310.44,10373.49,1967.26,2959.24,17572.49,1232.3,43.73,105.68,110.56,737.77
2016-04-23,NA,NA,NA,NA,NA,NA,NA,NA,NA,NA,NA,NA,NA
2016-04-24,1.1232,NA,NA,NA,NA,NA,NA,NA,NA,NA,NA,NA,NA
2016-04-25,1.1266,111.2,2087.79,6260.92,10294.35,1955.47,2946.67,17439.3,1237.9,42.64,105.08,110.1,742.21
2016-04-26,1.1299,111.31,2091.7,6284.52,10259.59,1946.55,2964.7,17353.28,1243.44,44.04,104.35,108.76,725.37
2016-04-27,1.1321,111.47,2095.15,6319.91,10299.83,1934.77,2953.67,17290.49,1246.1,45.33,97.82,108.89,721.46
2016-04-28,1.1353,108.11,2075.81,6322.4,10321.15,1969.89,2945.59,16666.05,1266.48,46.03,94.83,116.73,705.06
2016-04-29,1.1456,106.36,2065.3,6241.89,10038.97,1953.05,2938.32,NA,1293.74,45.92,93.74,117.58,707.88
2016-04-30,NA,NA,NA,NA,NA,NA,NA,NA,NA,NA,NA,NA,NA
2016-05-01,1.1462,NA,NA,NA,NA,NA,NA,NA,NA,NA,NA,NA,NA
2016-05-02,1.1532,106.42,2081.43,NA,10123.27,NA,NA,16147.38,1291.6,44.78,93.64,118.57,714.41
2016-05-03,1.1497,106.61,2063.37,6185.59,9926.77,NA,2992.64,NA,1286,43.65,95.18,117.43,708.44
2016-05-04,1.1487,107.02,2051.12,6112.02,9828.25,1925.58,2991.27,NA,1279.49,43.78,94.19,118.06,711.37
2016-05-05,1.1405,107.25,2050.63,6117.25,9851.86,1906.48,2997.84,NA,1278.05,44.32,93.24,117.81,714.71
2016-05-06,1.1405,107.12,2057.14,6125.7,9869.95,1901.56,2913.25,16106.72,1288.7,44.66,92.72,119.49,725.18
2016-05-07,NA,NA,NA,NA,NA,NA,NA,NA,NA,NA,NA,NA,NA
2016-05-08,1.1385,NA,NA,NA,NA,NA,NA,NA,NA,NA,NA,NA,NA
2016-05-09,1.1383,108.33,2058.69,6114.81,9980.49,NA,2832.11,16216.03,1263.85,43.44,92.79,119.24,729.13
2016-05-10,1.1372,109.27,2084.39,6156.65,10045.44,1885.34,2832.59,16565.19,1266.4,44.66,93.42,120.5,739.38
2016-05-11,1.1427,108.42,2064.46,6162.49,9975.32,1909.05,2837.04,16579.01,1277.69,46.23,92.51,119.52,730.55
2016-05-12,1.1377,109.03,2064.11,6104.19,9862.12,1901.9,2835.86,16646.34,1263.49,46.7,90.34,120.28,728.07
2016-05-13,1.1308,108.61,2046.61,6138.5,9952.9,1907.19,2827.11,16412.21,1273.6,46.21,90.52,119.81,724.83
2016-05-14,NA,NA,NA,NA,NA,NA,NA,NA,NA,NA,NA,NA,NA
2016-05-15,1.1318,NA,NA,NA,NA,NA,NA,NA,NA,NA,NA,NA,NA
2016-05-16,1.132,109.03,2066.66,6151.4,NA,1915.33,2850.86,16466.4,1273.86,47.72,93.88,118.67,730.3
2016-05-17,1.1314,109.14,2047.21,6167.77,9890.19,1909,2843.68,16652.8,1280,48.31,93.49,117.35,720.19
2016-05-18,1.1217,110.19,2047.63,6165.8,9943.23,1917.24,2807.51,16644.69,1258.3,48.19,94.56,117.65,721.78
2016-05-19,1.1203,109.97,2040.04,6053.35,9795.89,1891.52,2806.91,16646.66,1255.1,48.16,94.2,116.81,715.31
2016-05-20,1.1224,110.15,2052.32,6156.32,9916.02,1891.33,2825.48,16736.35,1252.3,47.75,95.22,117.35,721.71
2016-05-21,NA,NA,NA,NA,NA,NA,NA,NA,NA,NA,NA,NA,NA
2016-05-22,1.1221,NA,NA,NA,NA,NA,NA,NA,NA,NA,NA,NA,NA
2016-05-23,1.1219,109.23,2048.04,6136.43,9842.29,1868.43,2843.64,16654.6,1249.24,48.08,96.43,115.97,717.25
2016-05-24,1.1141,109.99,2076.06,6219.26,10057.31,1884.12,2821.67,16498.76,1227,48.62,97.9,117.7,733.03
2016-05-25,1.1155,110.19,2090.54,6262.85,10205.21,1898.75,2815.09,16757.35,1224.18,49.56,99.62,117.89,738.1
2016-05-26,1.1194,109.77,2090.1,6265.65,10272.71,1914.31,2822.44,16772.46,1220.15,49.48,100.41,119.47,736.93
2016-05-27,1.1115,110.23,2099.06,6270.79,10286.31,1927.58,2821.05,16834.84,1212.4,49.33,100.35,119.38,747.6
2016-05-28,NA,NA,NA,NA,NA,NA,NA,NA,NA,NA,NA,NA,NA
2016-05-29,1.1108,NA,NA,NA,NA,NA,NA,NA,NA,49.58,NA,NA,NA
2016-05-30,1.1146,111.13,NA,NA,10333.23,1935.54,2822.45,17068.02,1205.58,49.51,NA,NA,NA
2016-05-31,1.1132,110.71,2096.96,6230.79,10262.74,1899.01,2916.62,17234.98,1215.24,49.1,99.86,118.81,748.85
2016-06-01,1.1188,109.53,2099.33,6191.93,10204.44,1893.18,2913.51,16955.73,1213.35,49.01,98.46,118.78,748.46
2016-06-02,1.1151,108.86,2105.26,6185.61,10208,1890.78,2925.23,16562.55,1210.95,49.17,97.72,118.93,744.27
2016-06-03,1.1367,106.53,2099.13,6209.63,10103.26,1886.84,2938.68,16642.23,1244.49,48.62,97.92,118.47,735.86
2016-06-04,NA,NA,NA,NA,NA,NA,NA,NA,NA,NA,NA,NA,NA
2016-06-05,1.1351,NA,NA,NA,NA,NA,NA,NA,NA,NA,NA,NA,NA
2016-06-06,1.1355,107.56,2109.41,6273.4,10121.08,1915.54,2934.1,16580.03,1245.24,49.69,98.63,118.79,730.06
2016-06-07,1.1358,107.36,2112.13,6284.53,10287.68,1951.26,2936.04,16675.45,1243.85,50.36,99.03,117.76,731.09
2016-06-08,1.1394,106.98,2119.12,6301.52,10217.03,1951.55,2927.16,16830.92,1262.14,51.23,98.94,118.39,742.93
2016-06-09,1.1316,107.09,2115.48,6231.89,10088.87,1934.92,NA,16668.41,1269.15,50.56,99.65,118.56,742.52
2016-06-10,1.1251,106.98,2096.07,6115.76,9834.62,1903.61,NA,16601.36,1274.2,49.07,98.83,116.62,733.19
2016-06-11,NA,NA,NA,NA,NA,NA,NA,NA,NA,NA,NA,NA,NA
2016-06-12,1.1239,NA,NA,NA,NA,NA,NA,NA,NA,NA,NA,NA,NA
2016-06-13,1.1292,106.25,2079.06,6044.97,9657.44,NA,2833.07,16019.18,1284.05,48.88,97.34,113.95,731.88
2016-06-14,1.1208,106.11,2075.32,5923.53,9519.2,1885.92,2842.19,15859,1285.85,48.49,97.46,114.94,733.25
2016-06-15,1.1259,106.02,2071.5,5966.8,9606.71,1889.75,2887.21,15919.58,1291.49,48.01,97.14,114.6,732.19
2016-06-16,1.1226,104.25,2077.99,5950.48,9550.47,1869.78,2872.82,15434.14,1279.14,46.21,97.55,114.39,724.25
2016-06-17,1.1277,104.12,2071.22,6021.09,9631.36,1877.07,2885.11,15599.66,1298.6,47.98,95.33,113.02,704.25
2016-06-18,NA,NA,NA,NA,NA,NA,NA,NA,NA,NA,NA,NA,NA
2016-06-19,1.1347,NA,NA,NA,NA,NA,NA,NA,NA,NA,NA,NA,NA
2016-06-20,1.1314,103.94,2083.25,6204,9962.02,1902.7,2888.81,15965.3,1290.15,49.37,95.1,113.37,706.13
2016-06-21,1.1242,104.75,2088.9,6226.55,10015.54,1904.02,2878.56,16169.11,1268.44,48.85,95.91,114.38,708.88
2016-06-22,1.1297,104.41,2085.45,6261.19,10071.06,1896.7,2905.55,16065.72,1266.31,49.13,95.55,113.91,710.47
2016-06-23,1.1388,106.16,2113.32,6338.1,10257.03,1919.27,2891.96,16238.35,1255.65,50.11,96.1,115.08,714.87
2016-06-24,1.1117,102.23,2037.41,6138.69,9557.16,1884.41,2854.29,14952.02,1315.98,47.64,93.4,112.08,685.2
2016-06-25,NA,NA,NA,NA,NA,NA,NA,NA,NA,NA,NA,NA,NA
2016-06-26,1.104,NA,NA,NA,NA,NA,NA,NA,NA,NA,NA,NA,NA
2016-06-27,1.1026,102,2000.54,5982.2,9268.66,1841.73,2895.7,15309.21,1324.8,46.33,92.04,108.97,681.14
2016-06-28,1.1066,102.76,2036.09,6140.39,9447.28,1857.23,2912.56,15323.14,1312.51,47.85,93.59,112.7,691.26
2016-06-29,1.1125,102.83,2070.77,6360.06,9612.27,1888.15,2931.59,15566.83,1318.89,49.88,94.4,114.16,695.19
2016-06-30,1.1105,103.29,2098.86,6504.33,9680.09,1891.09,2929.61,15575.92,1322.18,48.33,95.6,114.28,703.53
2016-07-01,1.1136,102.53,2102.95,6577.83,9776.12,1896.62,2932.48,15682.48,1342.3,48.99,95.89,114.19,710.25
2016-07-02,NA,NA,NA,NA,NA,NA,NA,NA,NA,NA,NA,NA,NA
2016-07-03,1.1128,NA,NA,NA,NA,NA,NA,NA,NA,49.01,NA,NA,NA
2016-07-04,1.1156,102.56,NA,6522.26,9709.09,1907.48,2988.6,15775.8,1350.78,48.65,NA,NA,NA
2016-07-05,1.1076,101.72,2088.55,6545.37,9532.61,1895.64,3006.39,15669.33,1356.14,46.6,94.99,114,704.89
2016-07-06,1.1099,101.33,2099.73,6463.59,9373.26,1879.42,3017.29,15378.99,1363.89,47.43,95.53,116.7,708.97
2016-07-07,1.1063,100.78,2097.9,6533.79,9418.78,1882.41,3016.85,15276.24,1360.6,45.14,95.94,115.85,707.26
2016-07-08,1.1055,100.55,2129.9,6590.64,9629.66,1894.35,2988.09,15106.98,1366.8,45.41,96.68,117.24,717.78
2016-07-09,NA,NA,NA,NA,NA,NA,NA,NA,NA,NA,NA,NA,NA
2016-07-10,1.1044,NA,NA,NA,NA,NA,NA,NA,NA,NA,NA,NA,NA
2016-07-11,1.1058,102.81,2137.16,6682.86,9833.41,1913.12,2994.92,15708.82,1355.25,44.76,96.98,117.87,727.2
2016-07-12,1.1059,104.69,2152.14,6680.69,9964.07,1938.36,3049.38,16095.65,1331.65,46.8,97.42,117.93,732.51
2016-07-13,1.109,104.5,2152.43,6670.4,9930.71,1935.88,3060.69,16231.43,1342.85,44.75,96.87,116.78,729.48
2016-07-14,1.112,105.34,2163.75,6654.47,10068.3,1942.46,3054.02,16385.89,1335.1,45.68,98.79,117.29,735.8
2016-07-15,1.1036,104.84,2161.74,6669.24,10066.9,1940.85,3054.3,16497.85,1337.85,45.95,98.78,116.86,735.63
2016-07-16,NA,NA,NA,NA,NA,NA,NA,NA,NA,NA,NA,NA,NA
2016-07-17,1.1056,NA,NA,NA,NA,NA,NA,NA,NA,NA,NA,NA,NA
2016-07-18,1.1074,106.16,2166.89,6695.42,10063.13,1936.07,3043.56,NA,1328.79,45.24,99.83,119.37,753.2
2016-07-19,1.1022,106.12,2163.78,6697.37,9981.24,1915.89,3036.6,16723.31,1332.13,44.65,99.87,120.61,753.41
2016-07-20,1.1015,106.84,2173.02,6728.99,10142.01,1915.09,3027.9,16681.89,1315.95,44.94,99.96,121.92,757.08
2016-07-21,1.1025,105.81,2165.17,6699.89,10156.21,1927.7,3039.01,16810.22,1331.09,44.75,99.43,120.61,754.41
2016-07-22,1.0976,106.08,2175.03,6730.48,10147.46,1926.9,3012.82,16627.25,1322.38,44.19,98.66,121,759.28
2016-07-23,NA,NA,NA,NA,NA,NA,NA,NA,NA,NA,NA,NA,NA
2016-07-24,1.0969,NA,NA,NA,NA,NA,NA,NA,NA,NA,NA,NA,NA
2016-07-25,1.0994,105.78,2168.48,6710.13,10198.24,1931.78,3015.83,16620.29,1315.56,43.13,97.34,121.63,757.52
2016-07-26,1.0987,104.66,2169.18,6724.03,10247.76,1938.52,3050.17,16383.04,1320.32,42.92,96.67,121.22,757.65
2016-07-27,1.1058,105.4,2166.58,6750.43,10319.55,1938.65,2992,16664.82,1339.86,41.92,102.95,123.34,761.97
2016-07-28,1.1076,105.27,2170.06,6721.06,10274.93,1954.45,2994.32,16476.84,1335.79,41.14,104.34,125,765.84
2016-07-29,1.1174,102.06,2173.6,6724.43,10337.5,1944.62,2979.34,16569.27,1350.91,41.6,104.21,123.94,791.34
2016-07-30,NA,NA,NA,NA,NA,NA,NA,NA,NA,NA,NA,NA,NA
2016-07-31,1.1167,NA,NA,NA,NA,NA,NA,NA,NA,NA,NA,NA,NA
2016-08-01,1.1162,102.39,2170.84,6693.95,10330.52,1947.36,2953.39,16635.77,1353.21,40.06,106.05,124.31,800.94
2016-08-02,1.1227,100.89,2157.03,6645.4,10144.34,1912.69,2971.28,16391.45,1363.68,39.51,104.48,123.09,800.12
2016-08-03,1.1149,101.23,2163.79,6634.4,10170.21,1919.15,2978.46,16083.11,1357.9,40.83,105.79,122.51,798.92
2016-08-04,1.113,101.22,2164.25,6740.16,10227.86,1944.94,2982.43,16254.89,1361.2,41.93,105.87,124.36,797.25
2016-08-05,1.1085,101.81,2182.87,6793.47,10367.21,1944.31,2976.7,16254.45,1335.8,41.8,107.48,125.15,806.93
2016-08-06,NA,NA,NA,NA,NA,NA,NA,NA,NA,NA,NA,NA,NA
2016-08-07,1.1087,NA,NA,NA,NA,NA,NA,NA,NA,NA,NA,NA,NA
2016-08-08,1.1093,102.44,2180.89,6809.13,10432.36,1956.99,3004.28,16650.57,1335.38,43.02,108.37,125.26,805.23
2016-08-09,1.1119,101.89,2181.74,6851.3,10692.9,1956.42,3025.68,16764.97,1340.75,42.77,108.81,125.06,807.48
2016-08-10,1.1177,101.28,2175.49,6866.42,10650.89,1942.67,3018.75,16735.12,1346.67,41.71,108,124.88,808.49
2016-08-11,1.1137,101.95,2185.79,6914.71,10742.84,1952.18,3002.64,NA,1338.87,43.49,107.93,124.9,808.2
2016-08-12,1.1161,101.31,2184.05,6916.02,10713.43,1967.18,3050.67,16919.92,1336.19,44.49,108.18,124.88,807.05
2016-08-13,NA,NA,NA,NA,NA,NA,NA,NA,NA,NA,NA,NA,NA
2016-08-14,1.1164,NA,NA,NA,NA,NA,NA,NA,NA,NA,NA,NA,NA
2016-08-15,1.1184,101.25,2190.15,6941.19,10739.21,1977.28,3125.2,16869.56,1339.36,45.74,109.48,123.9,805.96
2016-08-16,1.1278,100.31,2178.15,6893.92,10676.65,1975.8,3110.04,16596.51,1346.08,46.58,109.38,123.3,801.19
2016-08-17,1.1288,100.27,2182.22,6859.15,10537.67,1969.19,3109.55,16745.64,1348.66,46.79,109.22,124.37,805.42
2016-08-18,1.1354,99.89,2187.02,6868.96,10603.03,1970.07,3104.11,16486.01,1352.34,48.22,109.08,123.91,802.75
2016-08-19,1.1326,100.22,2183.87,6858.95,10544.36,1959.72,3108.1,16545.82,1341.78,48.52,109.36,123.56,799.65
2016-08-20,NA,NA,NA,NA,NA,NA,NA,NA,NA,NA,NA,NA,NA
2016-08-21,1.1298,NA,NA,NA,NA,NA,NA,NA,NA,NA,NA,NA,NA
2016-08-22,1.1319,100.33,2182.64,6828.54,10494.35,1979.09,3084.81,16598.19,1339.02,47.05,108.51,124.15,796.95
2016-08-23,1.1306,100.25,2186.9,6868.51,10592.88,1989.51,3089.71,16497.36,1338.1,48.1,108.85,124.37,796.59
2016-08-24,1.1263,100.44,2175.44,6835.78,10622.97,1983.59,3085.88,16597.3,1323.75,46.77,108.03,123.48,793.6
2016-08-25,1.1283,100.53,2172.47,6816.9,10529.59,1985.56,3068.33,16555.95,1321.7,47.33,107.57,123.89,791.3
2016-08-26,1.1198,101.83,2169.04,6838.05,10587.77,1993.35,3070.31,16360.71,1321.33,47.64,106.94,124.96,793.22
2016-08-27,NA,NA,NA,NA,NA,NA,NA,NA,NA,NA,NA,NA,NA
2016-08-28,1.1197,NA,NA,NA,NA,NA,NA,NA,NA,NA,NA,NA,NA
2016-08-29,1.1189,101.92,2180.38,NA,10544.44,1986.72,3070.03,16737.49,1323.41,46.98,106.82,126.54,795.82
2016-08-30,1.1143,102.97,2176.12,6820.79,10657.64,1985.69,3074.68,16725.36,1311.15,46.35,106,125.84,791.92
2016-08-31,1.1158,103.42,2170.95,6781.51,10592.69,1971.59,3085.49,16887.4,1308.95,44.7,106.1,126.12,789.85
2016-09-01,1.1198,103.25,2170.86,6745.97,10534.31,1976.91,3063.31,16926.84,1313.79,43.16,106.73,126.17,791.4
2016-09-02,1.1156,103.99,2179.98,6894.6,10683.82,2003.77,3067.35,16925.68,1325.01,44.44,107.73,126.51,796.87
2016-09-03,NA,NA,NA,NA,NA,NA,NA,NA,NA,NA,NA,NA,NA
2016-09-04,1.1159,NA,NA,NA,NA,NA,NA,NA,NA,44.11,NA,NA,NA
2016-09-05,1.1147,103.44,NA,6879.42,10672.22,2017.38,3072.1,17037.63,1327.08,45.07,NA,NA,NA
2016-09-06,1.1256,102.02,2186.48,6826.05,10687.14,2039.53,3090.71,17081.98,1349.88,44.83,107.7,129.73,808.02
2016-09-07,1.1239,101.73,2186.16,6846.58,10752.98,2053.75,3091.93,17012.44,1345.24,45.5,108.36,131.05,807.99
2016-09-08,1.1261,102.5,2181.3,6858.7,10675.29,2050.77,3095.95,16958.77,1338.35,47.62,105.52,130.27,802.84
2016-09-09,1.1233,102.69,2127.81,6776.95,10573.44,2028.25,3078.85,16965.76,1328.15,45.88,103.13,127.1,788.48
2016-09-10,NA,NA,NA,NA,NA,NA,NA,NA,NA,NA,NA,NA,NA
2016-09-11,1.124,NA,NA,NA,NA,NA,NA,NA,NA,NA,NA,NA,NA
2016-09-12,1.1234,101.86,2159.04,6700.9,10431.77,2019.9,3021.98,16672.92,1327.63,46.29,105.44,128.69,798.82
2016-09-13,1.122,102.56,2127.02,6665.63,10386.6,2004.5,3023.51,16729.04,1319.05,44.9,107.95,127.21,788.72
2016-09-14,1.125,102.42,2125.77,6673.31,10378.4,2004.48,3002.85,16614.24,1322.97,43.58,111.77,127.77,790.46
2016-09-15,1.1244,102.09,2147.26,6730.3,10431.2,1996.58,NA,16405.01,1314.25,43.91,115.57,128.35,801.23
2016-09-16,1.1155,102.3,2139.16,6710.28,10276.17,1981.96,NA,16519.29,1310.43,43.03,114.92,129.07,797.97
2016-09-17,NA,NA,NA,NA,NA,NA,NA,NA,NA,NA,NA,NA,NA
2016-09-18,1.1158,NA,NA,NA,NA,NA,NA,NA,NA,NA,NA,NA,NA
2016-09-19,1.1174,101.94,2139.12,6813.55,10373.87,1986.97,3026.05,NA,1313.39,43.3,113.58,128.65,795.39
2016-09-20,1.1155,101.71,2139.76,6830.79,10393.86,1991.78,3023,16492.15,1315.1,43.44,113.57,128.64,799.78
2016-09-21,1.1189,100.31,2163.12,6834.77,10436.49,1997.67,3025.87,16807.62,1336.85,45.34,113.55,129.94,805.03
2016-09-22,1.1207,100.75,2177.18,6911.4,10674.18,2025.3,3042.31,NA,1337.3,46.32,114.62,130.08,815.95
2016-09-23,1.1226,101,2164.69,6909.43,10626.97,2011.83,3033.9,16754.02,1337.61,44.48,112.71,127.96,814.96
2016-09-24,NA,NA,NA,NA,NA,NA,NA,NA,NA,NA,NA,NA,NA
2016-09-25,1.1238,NA,NA,NA,NA,NA,NA,NA,NA,NA,NA,NA,NA
2016-09-26,1.1254,100.33,2146.1,6818.04,10393.71,1997.94,2980.43,16544.56,1337.97,45.93,112.88,127.31,802.65
2016-09-27,1.1215,100.44,2159.93,6807.67,10361.48,1975.52,2998.17,16683.93,1327.36,44.67,113.09,128.69,810.73
2016-09-28,1.1216,100.67,2171.37,6849.38,10438.34,1980.68,2987.86,16465.4,1321.41,47.05,113.95,129.23,810.06
2016-09-29,1.1223,101.03,2151.13,6919.42,10405.54,1996.12,2998.48,16693.71,1320.27,47.83,112.18,128.09,802.64
2016-09-30,1.1241,101.34,2168.27,6899.33,10511.02,1978,3004.7,16449.84,1315.96,48.24,113.05,128.27,804.06
2016-10-01,NA,NA,NA,NA,NA,NA,NA,NA,NA,NA,NA,NA,NA
2016-10-02,1.1233,NA,NA,NA,NA,NA,NA,NA,NA,NA,NA,NA,NA
2016-10-03,1.1211,101.64,2161.2,6983.52,NA,1986.8,NA,16598.67,1311.96,48.81,112.52,128.77,800.38
2016-10-04,1.1204,102.89,2150.49,7074.34,10619.61,1985.02,NA,16735.65,1268.3,48.69,113,128.19,802.79
2016-10-05,1.1205,103.5,2159.73,7033.25,10585.78,1975.85,NA,16819.24,1266.7,49.83,113.05,128.47,801.23
2016-10-06,1.1151,103.94,2160.77,6999.96,10568.8,1983.88,NA,16899.1,1254.74,50.44,113.89,128.74,803.08
2016-10-07,1.1201,102.92,2153.74,7044.39,10490.86,1980.02,NA,16860.09,1256.97,49.81,114.06,128.99,800.71
2016-10-08,NA,NA,NA,NA,NA,NA,NA,NA,NA,NA,NA,NA,NA
2016-10-09,1.1195,NA,NA,NA,NA,NA,NA,NA,NA,NA,NA,NA,NA
2016-10-10,1.1138,103.61,2163.66,7097.5,10624.08,2001.1,3048.14,NA,1259.74,51.35,116.05,130.24,814.17
2016-10-11,1.1054,103.52,2136.73,7070.88,10577.16,2001.42,3065.25,17024.76,1253.25,50.79,116.3,128.88,809.57
2016-10-12,1.1008,104.2,2139.18,7024.01,10523.07,1993.35,3058.5,16840,1255.33,50.18,117.34,129.05,811.77
2016-10-13,1.1057,103.69,2132.55,6977.74,10414.07,1976.37,3061.35,16774.24,1258.12,50.44,116.98,127.82,804.08
2016-10-14,1.0971,104.19,2132.98,7013.55,10580.38,1966.39,3063.81,16856.37,1250.55,50.35,117.63,127.88,804.6
2016-10-15,NA,NA,NA,NA,NA,NA,NA,NA,NA,NA,NA,NA,NA
2016-10-16,1.0966,NA,NA,NA,NA,NA,NA,NA,NA,NA,NA,NA,NA
2016-10-17,1.0999,103.89,2126.5,6947.55,10503.57,1956.95,3041.17,16900.12,1255.7,49.94,117.55,127.54,806.84
2016-10-18,1.098,103.86,2139.6,7000.06,10631.55,1969.11,3083.88,16963.61,1262.84,50.29,117.47,128.57,821.49
2016-10-19,1.0974,103.44,2144.29,7021.92,10645.68,1967.5,3084.72,16998.91,1269.4,51.6,117.12,130.11,827.09
2016-10-20,1.093,103.95,2141.34,7026.9,10701.39,1957.09,3084.46,17235.5,1266,50.43,117.06,130,821.63
2016-10-21,1.0884,103.83,2141.16,7020.47,10710.73,1957.7,3090.94,17184.59,1266.75,50.85,116.6,132.07,824.06
2016-10-22,NA,NA,NA,NA,NA,NA,NA,NA,NA,NA,NA,NA,NA
2016-10-23,1.088,NA,NA,NA,NA,NA,NA,NA,NA,NA,NA,NA,NA
2016-10-24,1.0883,104.19,2151.33,6986.4,10761.17,1962.79,3128.25,17234.42,1264.44,50.52,117.65,133.28,835.74
2016-10-25,1.0888,104.23,2143.16,7017.64,10757.31,1977.19,3131.94,17365.25,1274.35,49.96,118.25,132.29,828.55
2016-10-26,1.0909,104.47,2139.43,6958.09,10709.68,1974.81,3116.31,17391.84,1266.99,49.18,115.59,131.04,822.1
2016-10-27,1.0897,105.29,2133.04,6986.57,10717.08,1979.8,3112.35,17336.42,1268.3,49.72,114.48,129.69,817.35
2016-10-28,1.0987,104.7,2126.41,6996.26,10696.19,1981.76,3104.27,17446.41,1276.3,48.7,113.72,131.29,819.56
2016-10-29,NA,NA,NA,NA,NA,NA,NA,NA,NA,NA,NA,NA,NA
2016-10-30,1.0983,NA,NA,NA,NA,NA,NA,NA,NA,NA,NA,NA,NA
2016-10-31,1.0981,104.82,2126.15,6954.22,10665.01,1989.64,3100.49,17425.02,1277.38,46.86,113.54,130.99,809.9
2016-11-01,1.1056,104.16,2111.72,6917.14,10526.16,1996.87,3122.44,17442.4,1288.15,46.67,111.49,129.5,805.48
2016-11-02,1.1097,103.31,2097.94,6845.42,10370.93,1968.77,3102.73,17134.68,1297.39,45.34,111.59,127.17,788.42
2016-11-03,1.1105,102.98,2088.66,6790.51,10325.88,1962.71,3128.94,NA,1303.75,44.66,109.83,120,782.19
2016-11-04,1.1138,103.14,2085.18,6693.26,10259.13,NA,3125.32,16905.36,1304.25,44.07,108.84,120.75,781.1
2016-11-05,NA,NA,NA,NA,NA,NA,NA,NA,NA,NA,NA,NA,NA
2016-11-06,1.1095,NA,NA,NA,NA,NA,NA,NA,NA,NA,NA,NA,NA
2016-11-07,1.104,104.47,2131.52,6806.9,10456.95,1952.69,3133.33,17177.21,1281.41,44.89,110.41,122.15,802.03
2016-11-08,1.1026,105.16,2139.56,6843.13,10482.32,1967.93,3147.89,17171.38,1275.64,44.98,111.06,124.22,811.98
2016-11-09,1.091,105.67,2163.26,6911.84,10646.01,2011.58,3128.37,16251.54,1278,45.27,110.88,123.18,805.59
2016-11-10,1.0893,106.83,2167.48,6827.98,10630.12,2044.03,3171.28,17344.42,1259.76,44.66,107.79,120.8,780.29
2016-11-11,1.0856,106.68,2164.45,6730.43,10667.95,2031.92,3196.04,17374.79,1225.68,43.41,108.43,119.02,771.75
2016-11-12,NA,NA,NA,NA,NA,NA,NA,NA,NA,NA,NA,NA,NA
2016-11-13,1.0823,NA,NA,NA,NA,NA,NA,NA,NA,NA,NA,NA,NA
2016-11-14,1.0737,108.42,2164.2,6753.18,10693.69,2021.99,3210.37,17672.62,1220.26,43.32,105.71,115.08,753.22
2016-11-15,1.0721,109.17,2180.39,6792.74,10735.14,2017.06,3206.99,17668.15,1228.08,45.81,107.11,117.2,775.16
2016-11-16,1.069,109.08,2176.94,6749.72,10663.87,2028.92,3205.06,17862.21,1225.3,45.57,109.99,116.34,779.98
2016-11-17,1.0626,110.11,2187.12,6794.71,10685.54,2042.76,3208.45,17862.63,1216.39,45.42,109.95,117.79,786.16
2016-11-18,1.0588,110.95,2181.9,6775.77,10664.56,2038.29,3192.86,17967.41,1208.69,45.69,110.06,117.02,775.97
2016-11-19,NA,NA,NA,NA,NA,NA,NA,NA,NA,NA,NA,NA,NA
2016-11-20,1.0583,NA,NA,NA,NA,NA,NA,NA,NA,NA,NA,NA,NA
2016-11-21,1.063,110.83,2198.18,6777.96,10685.13,2058.77,3218.15,18106.02,1214.05,47.49,111.73,121.77,784.8
2016-11-22,1.0626,111.12,2202.94,6819.72,10713.85,2066.18,3248.35,18162.94,1212.24,48.03,111.8,121.47,785
2016-11-23,1.0559,112.52,2204.72,6817.71,10662.44,2085.75,3241.14,NA,1187.77,47.96,111.23,120.84,779
2016-11-24,1.0554,113.34,NA,6829.2,10689.26,2102.97,3241.74,18333.41,1184,47.98,NA,NA,NA
2016-11-25,1.0587,113.08,2213.35,6840.75,10699.27,2098.15,3261.94,18381.22,1183.63,46.06,111.79,120.38,780.23
2016-11-26,NA,NA,NA,NA,NA,NA,NA,NA,NA,NA,NA,NA,NA
2016-11-27,1.0609,NA,NA,NA,NA,NA,NA,NA,NA,NA,NA,NA,NA
2016-11-28,1.0615,111.94,2201.72,6799.47,10582.67,2094.65,3277,18356.89,1193.44,47.08,111.57,120.41,785.79
2016-11-29,1.065,112.39,2204.66,6772,10620.49,2086.84,3282.92,18307.04,1188.46,45.23,111.46,120.87,789.44
2016-11-30,1.0588,114.47,2198.81,6783.79,10640.3,2104.91,3250.03,18308.48,1173.11,49.44,110.52,118.42,775.88
2016-12-01,1.0662,114.09,2191.08,6752.93,10534.05,2121.87,3273.31,18513.12,1171.3,51.06,109.49,115.1,764.33
2016-12-02,1.0673,113.58,2191.95,6730.72,10513.35,2128.99,3243.84,18426.08,1176.92,51.68,109.9,115.4,764.46
2016-12-03,NA,NA,NA,NA,NA,NA,NA,NA,NA,NA,NA,NA,NA
2016-12-04,1.0567,NA,NA,NA,NA,NA,NA,NA,NA,NA,NA,NA,NA
2016-12-05,1.0764,113.84,2204.71,6746.83,10684.83,2158.33,3204.71,18274.99,1170.26,51.79,109.11,117.43,778.22
2016-12-06,1.0719,114.02,2212.23,6779.84,10775.32,2152.35,3199.65,18360.54,1169.74,50.93,109.95,117.31,776.18
2016-12-07,1.0753,113.77,2241.35,6902.23,10986.69,2160.51,3222.24,18496.69,1174,49.77,111.03,117.95,791.47
2016-12-08,1.0615,114.03,2246.19,6931.55,11179.42,2207.02,3215.37,18765.47,1170.55,50.84,112.12,118.91,795.17
2016-12-09,1.0562,115.4,2259.53,6954.21,11203.63,2208.53,3232.88,18996.37,1157.87,51.5,113.95,119.68,809.45
2016-12-10,NA,NA,NA,NA,NA,NA,NA,NA,NA,NA,NA,NA,NA
2016-12-11,1.0547,NA,NA,NA,NA,NA,NA,NA,NA,NA,NA,NA,NA
2016-12-12,1.0635,115.03,2256.96,6890.42,11190.21,2226.89,3152.97,19155.03,1162.21,52.83,113.3,117.77,807.9
2016-12-13,1.0627,115.19,2271.72,6968.57,11284.65,2247.02,3155.04,19250.52,1158.35,52.98,115.19,120.31,815.34
2016-12-14,1.0536,117.05,2253.28,6949.19,11244.84,2229.05,3140.53,19253.61,1144.25,51.04,115.19,120.21,817.89
2016-12-15,1.0414,118.17,2262.03,6999.01,11366.4,2237.23,3117.68,19273.79,1128.43,50.9,115.82,120.57,815.65
2016-12-16,1.0451,117.99,2258.07,7011.64,11404.01,2231.41,3122.98,19401.15,1134.09,51.9,115.97,119.87,809.84
2016-12-17,NA,NA,NA,NA,NA,NA,NA,NA,NA,NA,NA,NA,NA
2016-12-18,1.0447,NA,NA,NA,NA,NA,NA,NA,NA,NA,NA,NA,NA
2016-12-19,1.0402,117.08,2262.53,7017.16,11426.7,2215.69,3118.08,19391.6,1139.05,52.12,116.64,119.24,812.5
2016-12-20,1.0387,117.88,2270.76,7043.96,11464.74,2226.36,3102.88,19494.53,1132.2,52.23,116.95,119.09,815.2
2016-12-21,1.0425,117.55,2265.18,7041.42,11468.64,2212.33,3137.43,19444.49,1131.8,52.49,117.06,119.04,812.2
2016-12-22,1.0437,117.54,2260.96,7063.68,11456.1,2174.64,3139.56,19427.67,1128.69,52.95,116.29,117.4,809.68
2016-12-23,1.0456,117.35,2263.79,7068.17,11449.93,2173.18,3110.15,NA,1133.49,53.02,116.52,117.27,807.8
2016-12-24,NA,NA,NA,NA,NA,NA,NA,NA,NA,NA,NA,NA,NA
2016-12-25,1.0454,NA,NA,NA,NA,NA,NA,NA,NA,NA,NA,NA,NA
2016-12-26,1.0456,117.09,NA,NA,NA,2177.86,3122.57,19396.64,1133.94,53.19,NA,NA,NA
2016-12-27,1.0457,117.42,2268.88,NA,11472.24,2189.43,3114.66,19403.06,1139.35,53.9,117.26,118.01,809.93
2016-12-28,1.0412,117.25,2249.92,7106.08,11474.99,2182.98,3102.24,19401.72,1142.45,54.06,116.76,116.92,804.57
2016-12-29,1.0492,116.55,2249.26,7120.26,11451.05,2206.33,3096.1,19145.14,1158.32,53.77,116.73,116.35,802.88
2016-12-30,1.0516,116.89,2238.83,7142.83,11481.06,2232.72,3103.64,19114.37,1151.85,53.72,115.82,115.05,792.45
2016-12-31,NA,NA,NA,NA,NA,NA,NA,NA,NA,NA,NA,NA,NA
2017-01-01,1.0526,NA,NA,NA,NA,NA,NA,NA,NA,NA,NA,NA,NA
2017-01-02,1.0459,117.53,NA,NA,11598.33,NA,NA,NA,1150.52,54.03,NA,NA,NA
2017-01-03,1.0406,117.75,2257.83,7177.89,11584.24,2285.43,3135.92,NA,1158.91,52.33,116.15,116.86,808.01
2017-01-04,1.0488,117.27,2270.75,7189.74,11584.31,2263.9,3158.79,19594.16,1163.8,53.26,116.02,118.69,807.77
2017-01-05,1.0607,115.36,2269,7195.31,11584.94,2220.35,3165.41,19520.69,1180.48,53.76,116.61,120.67,813.02
2017-01-06,1.0533,116.92,2276.98,7210.05,11599.01,2213.93,3154.32,19454.33,1172.81,53.99,117.91,123.41,825.21
2017-01-07,NA,NA,NA,NA,NA,NA,NA,NA,NA,NA,NA,NA,NA
2017-01-08,1.053,NA,NA,NA,NA,NA,NA,NA,NA,NA,NA,NA,NA
2017-01-09,1.0574,116.03,2268.9,7237.77,11563.99,2211.25,3171.24,NA,1181.27,51.96,118.99,124.9,827.18
2017-01-10,1.0554,115.77,2268.9,7275.47,11583.3,2237.49,3161.67,19301.44,1187.74,50.82,119.11,124.35,826.01
2017-01-11,1.0582,115.41,2275.32,7290.49,11646.17,2218.61,3136.75,19364.67,1191.85,52.25,119.75,126.09,829.86
2017-01-12,1.0613,114.72,2270.44,7292.37,11521.04,2212,3119.29,19134.7,1195.66,53.01,119.25,126.62,829.53
2017-01-13,1.0644,114.53,2274.64,7337.81,11629.18,2195.19,3112.76,19287.28,1197.66,52.37,119.04,128.34,830.94
2017-01-14,NA,NA,NA,NA,NA,NA,NA,NA,NA,NA,NA,NA,NA
2017-01-15,1.0627,NA,NA,NA,NA,NA,NA,NA,NA,52.45,NA,NA,NA
2017-01-16,1.0603,114.2,NA,7327.13,11554.71,2189.07,3103.43,19095.24,1203.17,52.52,NA,NA,NA
2017-01-17,1.0714,112.64,2267.89,7220.38,11540,2178.73,3108.77,18813.53,1216.54,52.48,120,127.87,827.46
2017-01-18,1.0631,114.67,2271.89,7247.61,11599.39,2170.09,3113.01,18894.37,1203.64,51.08,119.99,127.92,829.02
2017-01-19,1.0664,114.87,2263.69,7208.44,11596.89,2162.25,3101.3,19072.25,1205.14,51.37,119.78,127.55,824.37
2017-01-20,1.0703,114.62,2271.31,7198.44,11630.13,2159.96,3123.14,19137.91,1209.96,52.42,120,127.04,828.17
2017-01-21,NA,NA,NA,NA,NA,NA,NA,NA,NA,NA,NA,NA,NA
2017-01-22,1.0713,NA,NA,NA,NA,NA,NA,NA,NA,NA,NA,NA,NA
2017-01-23,1.0765,112.7,2265.2,7151.18,11545.75,2146.09,3136.77,18891.03,1217.48,52.75,120.08,128.93,844.43
2017-01-24,1.0731,113.8,2280.07,7150.34,11594.94,2174.59,3142.55,18787.99,1208.81,53.18,119.97,129.37,849.53
2017-01-25,1.0748,113.28,2298.37,7164.43,11806.05,2176,3149.55,19057.5,1200.31,52.75,121.88,131.48,858.45
2017-01-26,1.0682,114.53,2296.68,7161.49,11848.63,2229.2,3159.17,19402.39,1188.57,53.78,121.94,132.78,856.98
2017-01-27,1.0699,115.08,2294.69,7184.49,11814.27,2266.05,NA,19467.4,1191.6,53.17,121.95,132.18,845.03
2017-01-28,NA,NA,NA,NA,NA,NA,NA,NA,NA,NA,NA,NA,NA
2017-01-29,1.0718,NA,NA,NA,NA,NA,NA,NA,NA,NA,NA,NA,NA
2017-01-30,1.0695,113.78,2280.9,7118.48,11681.89,2234.14,NA,19368.85,1195.35,52.63,121.63,130.98,823.83
2017-01-31,1.0798,112.8,2278.87,7099.15,11535.31,2217.39,NA,19041.34,1210.63,52.81,121.35,130.32,820.19
2017-02-01,1.0769,113.25,2279.55,7107.65,11659.5,2231.68,NA,19148.08,1209.49,53.88,128.75,133.23,815.24
2017-02-02,1.0758,112.81,2280.85,7140.75,11627.95,2217.56,NA,18914.58,1215.93,53.54,128.53,130.84,818.26
2017-02-03,1.0784,112.7,2297.42,7188.3,11651.49,2226.61,3140.17,18918.2,1219.88,53.83,129.08,130.98,820.13
2017-02-04,NA,NA,NA,NA,NA,NA,NA,NA,NA,NA,NA,NA,NA
2017-02-05,1.0783,NA,NA,NA,NA,NA,NA,NA,NA,NA,NA,NA,NA
2017-02-06,1.075,111.75,2292.56,7172.15,11509.84,2210.51,3156.98,18976.71,1235.59,53.01,130.29,132.06,821.62
2017-02-07,1.0681,112.39,2293.08,7186.22,11549.44,2218.77,3153.09,18910.78,1233.72,52.17,131.53,131.84,829.23
2017-02-08,1.0698,111.94,2294.67,7188.82,11543.38,2189.61,3166.98,19007.6,1241.99,52.34,132.04,134.2,829.88
2017-02-09,1.0656,113.25,2307.87,7229.5,11642.86,2173.98,3183.18,18907.67,1230.89,53,132.42,134.14,830.06
2017-02-10,1.0641,113.22,2316.1,7258.75,11666.97,2162.19,3196.7,19378.93,1234.12,53.86,132.12,134.19,834.85
2017-02-11,NA,NA,NA,NA,NA,NA,NA,NA,NA,NA,NA,NA,NA
2017-02-12,1.0619,NA,NA,NA,NA,NA,NA,NA,NA,NA,NA,NA,NA
2017-02-13,1.0598,113.75,2328.25,7278.92,11774.43,2161.49,3216.84,19459.15,1225.44,52.93,133.29,134.05,838.96
2017-02-14,1.0577,114.26,2337.58,7268.56,11771.81,2141.5,3217.93,19238.98,1228.61,53.2,135.02,133.85,840.03
2017-02-15,1.0601,114.17,2349.25,7302.41,11793.93,2137.08,3212.99,19437.98,1232.94,53.11,135.51,133.44,837.32
2017-02-16,1.0674,113.23,2347.22,7277.92,11757.24,2148.48,3229.62,19347.53,1239.14,53.36,135.34,133.84,842.17
2017-02-17,1.0614,112.88,2351.16,7299.96,11757.02,2128.21,3202.08,19234.62,1235.29,53.4,135.72,133.53,846.55
2017-02-18,NA,NA,NA,NA,NA,NA,NA,NA,NA,NA,NA,NA,NA
2017-02-19,1.0625,NA,NA,NA,NA,NA,NA,NA,NA,53.79,NA,NA,NA
2017-02-20,1.0614,113.1,NA,7299.86,11827.62,2119.09,3239.96,19251.08,1238.38,53.97,NA,NA,NA
2017-02-21,1.0537,113.69,2365.38,7274.83,11967.49,2127.72,3253.33,19381.44,1235.97,54.06,136.7,133.72,849.27
2017-02-22,1.0556,113.3,2362.82,7302.25,11998.59,2106.3,3261.22,19379.87,1237.69,53.59,137.11,136.12,851.36
2017-02-23,1.0581,112.59,2363.81,7271.37,11947.83,NA,3251.38,19371.46,1249.41,54.45,136.53,135.36,851
2017-02-24,1.0563,112.19,2367.34,7243.7,11804.03,2093.09,3253.43,19283.54,1256.94,53.99,136.66,135.44,847.81
2017-02-25,NA,NA,NA,NA,NA,NA,NA,NA,NA,NA,NA,NA,NA
2017-02-26,1.0553,NA,NA,NA,NA,NA,NA,NA,NA,NA,NA,NA,NA
2017-02-27,1.0588,112.7,2369.75,7253,11822.67,2056.46,3228.66,19107.47,1252.76,54.05,136.93,136.41,849.67
2017-02-28,1.0577,112.78,2363.64,7263.44,11834.41,2035.77,3241.73,19118.99,1248.59,54.01,136.99,135.54,844.93
2017-03-01,1.0548,113.73,2395.96,7382.9,12067.19,2059.87,3246.93,19393.54,1248.94,53.83,139.79,137.42,856.75
2017-03-02,1.0507,114.41,2381.92,7382.35,12059.57,2049,3230.03,19564.8,1235.3,52.61,138.96,136.76,849.85
2017-03-03,1.0623,114.02,2383.12,7374.26,12027.36,2056.89,3218.31,19469.17,1234.3,53.33,139.78,137.17,849.08
2017-03-04,NA,NA,NA,NA,NA,NA,NA,NA,NA,NA,NA,NA,NA
2017-03-05,1.0621,NA,NA,NA,NA,NA,NA,NA,NA,NA,NA,NA,NA
2017-03-06,1.0581,113.89,2375.31,7350.12,11958.4,2047.42,3233.87,19379.14,1225.96,53.2,139.34,137.42,847.27
2017-03-07,1.0566,113.98,2368.39,7338.99,11966.14,2024.84,3242.41,19344.15,1215.67,53.14,139.52,137.3,851.15
2017-03-08,1.0541,114.35,2362.98,7334.61,11967.31,NA,3240.66,19254.03,1207.58,50.28,139,137.72,853.64
2017-03-09,1.0577,114.94,2364.87,7314.96,11978.39,1974.24,3216.75,19318.58,1200.83,49.28,138.68,138.24,857.84
2017-03-10,1.0672,114.75,2372.6,7343.08,11963.18,1973.96,3212.76,19604.61,1204.55,48.49,139.14,138.79,861.4
2017-03-11,NA,NA,NA,NA,NA,NA,NA,NA,NA,NA,NA,NA,NA
2017-03-12,NA,NA,NA,NA,NA,NA,NA,NA,NA,NA,NA,NA,NA
2017-03-13,1.0654,114.88,2373.47,7367.08,11990.03,2000.14,3237.02,19633.75,1204.05,48.4,139.2,139.6,864.58
2017-03-14,1.0604,114.75,2365.45,7357.85,11988.79,2001.25,3239.33,19609.5,1199.08,47.72,138.99,139.32,865.91
2017-03-15,1.0735,113.38,2385.26,7368.64,12009.87,1992.59,3241.76,19577.38,1219.4,48.86,140.46,139.72,868.39
2017-03-16,1.0766,113.31,2381.38,7415.95,12083.18,2014.37,3268.94,19590.14,1226.78,48.75,140.69,139.99,870
2017-03-17,1.0738,112.72,2378.25,7424.96,12095.24,2036.96,3237.45,19521.59,1229.15,48.78,139.99,139.84,872.37
2017-03-18,NA,NA,NA,NA,NA,NA,NA,NA,NA,NA,NA,NA,NA
2017-03-19,NA,NA,NA,NA,NA,NA,NA,NA,NA,NA,NA,NA,NA
2017-03-20,1.0739,112.56,2373.47,7429.81,12052.9,2042.72,3250.81,NA,1233.9,48.22,141.46,139.94,867.91
2017-03-21,1.0811,111.72,2344.02,7378.34,11962.13,2048.07,3261.61,19455.88,1245,47.34,139.84,138.51,850.14
2017-03-22,1.0797,111.16,2348.45,7324.72,11904.12,2061.53,3245.22,19041.38,1249.35,48.04,141.42,139.59,849.8
2017-03-23,1.0783,110.94,2345.96,7340.71,12039.68,2051.04,3248.55,19085.31,1245.3,47.7,140.92,139.53,839.65
2017-03-24,1.0799,111.34,2343.98,7336.82,12064.27,2039.77,3269.45,19262.53,1244.17,47.97,140.64,140.34,835.14
2017-03-25,NA,NA,NA,NA,NA,NA,NA,NA,NA,NA,NA,NA,NA
2017-03-26,NA,NA,NA,NA,NA,NA,NA,19060.5,NA,NA,NA,NA,NA
2017-03-27,1.0865,110.66,2341.59,7293.5,11996.07,2013.16,3266.96,18985.59,1254.3,47.73,140.88,140.32,838.51
2017-03-28,1.0813,111.16,2358.57,7343.42,12149.42,2032.54,3252.95,19202.87,1251.63,48.37,143.8,141.76,840.63
2017-03-29,1.0767,111.05,2361.13,7373.72,12203,2023.71,3241.31,19217.48,1252.45,49.51,144.12,142.65,849.87
2017-03-30,1.0675,111.92,2368.06,7369.52,12256.43,2021.88,3210.24,19063.22,1243.3,50.35,143.93,142.41,849.48
2017-03-31,1.0652,111.39,2362.72,7322.92,12312.87,1995.9,3222.51,18909.26,1249.13,50.6,143.66,142.05,847.8
2017-04-01,NA,NA,NA,NA,NA,NA,NA,NA,NA,NA,NA,NA,NA
2017-04-02,NA,NA,NA,NA,NA,NA,NA,18979,NA,NA,NA,NA,NA
2017-04-03,1.0671,110.89,2358.84,7282.69,12257.2,2008.61,NA,18983.23,1253.35,50.24,143.7,142.28,856.75
2017-04-04,1.0674,110.75,2360.16,7321.82,12282.34,2025.69,NA,18810.25,1256.22,51.03,144.77,141.73,852.57
2017-04-05,1.0663,110.7,2352.95,7331.68,12217.54,2056.32,3270.31,18861.27,1255.3,51.15,144.02,141.85,848.91
2017-04-06,1.0644,110.81,2357.49,7303.2,12230.89,2054.69,3281,18597.06,1251.8,51.7,143.66,141.17,845.1
2017-04-07,1.059,111.07,2355.54,7349.37,12225.06,2020.23,3286.62,18664.63,1254.05,52.24,143.34,140.78,842.1
2017-04-08,NA,NA,NA,NA,NA,NA,NA,NA,NA,NA,NA,NA,NA
2017-04-09,NA,NA,NA,NA,NA,NA,NA,18800.5,NA,NA,NA,NA,NA
2017-04-10,1.0596,110.94,2357.16,7348.94,12200.52,1971.23,3269.39,18797.88,1254.73,53.08,143.17,141.04,841.7
2017-04-11,1.0602,109.62,2353.78,7365.5,12139.35,1977.95,3288.97,18747.87,1274.44,53.4,141.63,139.92,839.88
2017-04-12,1.0666,109.03,2344.93,7348.99,12154.7,1947.88,3273.83,18552.61,1286.6,53.11,141.8,139.58,841.46
2017-04-13,1.0614,109.09,2328.95,7327.59,12109,1944.7,3275.96,18426.84,1287.74,53.18,141.05,139.39,840.18
2017-04-14,1.0612,108.64,NA,NA,NA,1916.29,3246.07,18335.63,1285.69,NA,NA,NA,NA
2017-04-15,NA,NA,NA,NA,NA,NA,NA,NA,NA,NA,NA,NA,NA
2017-04-16,NA,NA,NA,NA,NA,NA,NA,18240.5,NA,NA,NA,NA,NA
2017-04-17,1.0643,108.91,2349.01,NA,NA,1942.72,3222.17,18355.26,1284.8,52.65,141.83,141.42,855.13
2017-04-18,1.0734,108.42,2342.19,7147.5,12000.44,1920.29,3196.71,18418.59,1289.64,52.41,141.2,140.96,853.99
2017-04-19,1.0711,108.86,2338.17,7114.36,12016.45,1916.5,3170.69,18432.2,1279.66,50.44,140.68,142.27,856.51
2017-04-20,1.0717,109.32,2355.84,7118.54,12027.32,1932.17,3172.1,18430.49,1281.85,50.27,142.44,143.8,860.08
2017-04-21,1.0728,109.08,2348.69,7114.55,12048.57,1944.72,3173.15,18620.75,1284.5,49.62,142.27,143.68,858.95
2017-04-22,NA,NA,NA,NA,NA,NA,NA,NA,NA,NA,NA,NA,NA
2017-04-23,NA,NA,NA,NA,NA,NA,NA,18909,NA,NA,NA,NA,NA
2017-04-24,1.0868,109.77,2374.15,7264.68,12454.98,1979.57,3129.53,18875.88,1275.3,49.23,143.64,145.47,878.93
2017-04-25,1.0926,111.09,2388.61,7275.64,12467.04,1998.41,3134.57,19079.33,1263.76,49.56,144.53,146.49,888.84
2017-04-26,1.0903,111.06,2387.45,7288.72,12472.8,2026.92,3140.85,19289.43,1269.05,49.62,143.68,146.56,889.14
2017-04-27,1.0873,111.27,2388.77,7237.17,12443.79,2011.67,3152.19,19251.87,1264.6,48.97,143.79,147.7,891.44
2017-04-28,1.0897,111.55,2384.2,7203.94,12438.01,2016.71,3154.66,19196.74,1268.15,49.33,143.65,150.25,924.52
2017-04-29,NA,NA,NA,NA,NA,NA,NA,NA,NA,NA,NA,NA,NA
2017-04-30,NA,NA,NA,NA,NA,NA,NA,19202.5,NA,NA,NA,NA,NA
2017-05-01,1.0899,111.84,2388.33,NA,NA,NA,NA,19310.52,1256.8,48.84,146.58,152.46,932.82
2017-05-02,1.093,111.98,2391.17,7250.05,12507.9,2026.85,3143.71,19445.7,1256.9,47.66,147.51,152.78,937.09
2017-05-03,1.0885,112.75,2388.13,7234.53,12527.84,1993.66,3135.35,NA,1238.38,47.82,147.06,151.8,948.45
2017-05-04,1.0984,112.46,2389.52,7248.1,12647.78,1998.87,3127.37,NA,1227.75,45.52,146.53,150.85,954.72
2017-05-05,1.0998,112.72,2399.29,7297.43,12716.89,2002.41,3103.04,NA,1227.74,46.22,148.96,150.24,950.28
2017-05-06,NA,NA,NA,NA,NA,NA,NA,NA,NA,NA,NA,NA,NA
2017-05-07,NA,NA,NA,NA,NA,NA,NA,19729,NA,NA,NA,NA,NA
2017-05-08,1.0924,113.25,2399.38,7300.86,12694.55,NA,3078.61,19895.7,1226.3,46.43,153.01,151.06,958.69
2017-05-09,1.0874,113.98,2396.92,7342.21,12749.12,NA,3080.53,19843,1223.51,45.88,153.99,150.48,956.71
2017-05-10,1.0868,114.28,2399.63,7385.24,12757.46,2028.21,3052.78,19900.09,1217.82,47.33,153.26,150.29,954.84
2017-05-11,1.0861,113.86,2394.44,7386.63,12711.06,2002.54,3061.5,19961.55,1225.05,47.83,153.95,150.04,955.89
2017-05-12,1.0931,113.34,2390.9,7435.39,12770.41,1994.58,3083.51,19883.9,1228.45,47.84,156.1,150.33,955.14
2017-05-13,NA,NA,NA,NA,NA,NA,NA,NA,NA,NA,NA,NA,NA
2017-05-14,NA,NA,NA,NA,NA,NA,NA,NA,NA,NA,NA,NA,NA
2017-05-15,1.0975,113.78,2402.32,7454.37,12807.04,2003.12,3090.23,19869.85,1231.56,48.85,155.7,150.19,959.22
2017-05-16,1.1082,113.12,2400.67,7522.03,12804.53,1992.94,3112.96,19919.82,1243.49,48.66,155.47,149.78,964.61
2017-05-17,1.1159,110.82,2357.03,7503.47,12631.61,1994.35,3104.44,19814.88,1260.41,49.07,150.25,144.85,942.17
2017-05-18,1.1103,111.5,2365.72,7436.42,12590.06,1967.66,3090.14,19553.86,1248.63,49.35,152.54,147.66,950.5
2017-05-19,1.1207,111.28,2381.73,7470.71,12638.69,1962.4,3090.63,19590.76,1255.4,50.33,153.06,148.06,954.65
2017-05-20,NA,NA,NA,NA,NA,NA,NA,NA,NA,NA,NA,NA,NA
2017-05-21,NA,NA,NA,NA,NA,NA,NA,19674.5,NA,NA,NA,NA,NA
2017-05-22,1.1238,111.3,2394.02,7496.34,12619.46,1950.51,3075.68,19678.28,1263.21,50.73,153.99,148.24,964.07
2017-05-23,1.1183,111.78,2398.42,7485.29,12659.15,1960.16,3061.95,19613.28,1251.12,51.47,153.8,148.07,970.55
2017-05-24,1.1219,111.5,2404.39,7514.9,12642.87,1951.98,3064.08,19742.98,1257.93,51.36,153.34,150.04,977.61
2017-05-25,1.1211,111.83,2415.07,7517.71,12621.72,1947.26,3107.83,19813.13,1255.29,48.9,153.87,151.96,991.86
2017-05-26,1.1183,111.34,2415.82,7547.63,12602.18,1934.25,3110.06,19686.84,1266.91,49.8,153.61,152.13,993.27
2017-05-27,NA,NA,NA,NA,NA,NA,NA,NA,NA,NA,NA,NA,NA
2017-05-28,NA,NA,NA,NA,NA,NA,NA,19686,NA,49.94,NA,NA,NA
2017-05-29,1.1165,111.26,NA,NA,12628.95,1940.77,NA,19682.57,1266.92,49.97,NA,NA,NA
2017-05-30,1.1185,110.85,2412.91,7526.51,12598.68,1932.91,NA,19677.85,1262.47,49.66,153.67,152.38,996.17
2017-05-31,1.1243,110.78,2411.8,7519.95,12615.06,1900.38,3117.18,19650.57,1268.78,48.32,152.76,151.46,987.09
2017-06-01,1.1213,111.36,2430.06,7543.77,12664.92,1869.66,3102.62,19860.03,1264.86,48.36,153.18,151.53,988.29
2017-06-02,1.1282,110.42,2439.07,7547.63,12822.94,1881.87,3105.54,20177.28,1279.11,47.66,155.45,153.61,996.12
2017-06-03,NA,NA,NA,NA,NA,NA,NA,NA,NA,NA,NA,NA,NA
2017-06-04,NA,NA,NA,NA,NA,NA,NA,20122.5,NA,NA,NA,NA,NA
2017-06-05,1.1255,110.47,2436.1,7525.76,NA,1877.69,3091.66,20170.82,1280.57,47.4,153.93,153.63,1003.88
2017-06-06,1.1278,109.41,2429.33,7524.95,12690.12,1870.04,3102.13,19979.9,1293.82,48.19,154.45,152.81,996.68
2017-06-07,1.1257,109.81,2433.14,7478.62,12672.49,1868.42,3140.32,19984.62,1284.74,45.72,155.37,153.12,1001.59
2017-06-08,1.1214,110,2433.79,7449.98,12713.58,1874.21,3150.33,19909.26,1279.97,45.64,154.99,154.71,1004.28
2017-06-09,1.1196,110.34,2431.77,7527.33,12815.72,1883.34,3158.4,20013.26,1266.68,45.83,148.98,149.6,970.12
2017-06-10,NA,NA,NA,NA,NA,NA,NA,NA,NA,NA,NA,NA,NA
2017-06-11,NA,NA,NA,NA,NA,NA,NA,19917.5,NA,NA,NA,NA,NA
2017-06-12,1.1203,109.94,2429.39,7511.87,12690.44,NA,3139.88,19908.58,1265.32,46.08,145.42,148.44,961.81
2017-06-13,1.1216,110.07,2440.35,7500.44,12764.98,1861.27,3153.74,19898.75,1267.43,46.46,146.59,150.68,970.5
2017-06-14,1.1218,109.58,2437.92,7474.4,12805.95,1838.32,3130.67,19883.52,1263.51,44.73,145.16,150.25,967.93
2017-06-15,1.1145,110.94,2432.46,7419.36,12691.81,1817.82,3132.49,19831.82,1253.97,44.46,144.29,149.8,960.18
2017-06-16,1.1198,110.86,2433.15,7463.54,12752.73,1822.91,3123.17,19943.26,1253.89,44.74,142.27,150.64,958.62
2017-06-17,NA,NA,NA,NA,NA,NA,NA,NA,NA,NA,NA,NA,NA
2017-06-18,NA,NA,NA,NA,NA,NA,NA,19965,NA,NA,NA,NA,NA
2017-06-19,1.1148,111.53,2453.46,7523.81,12888.95,1849.78,3144.37,20067.75,1243.86,44.2,146.34,152.87,975.22
2017-06-20,1.1135,111.44,2437.03,7472.71,12814.79,1857.96,3140.01,20230.41,1244.94,43.23,145.01,152.25,968.99
2017-06-21,1.1168,111.38,2435.61,7447.79,12774.26,1850.81,3156.21,20138.79,1249.03,42.53,145.87,153.91,978.59
2017-06-22,1.1153,111.33,2434.5,7439.29,12794,1860.05,3147.45,20110.51,1251.54,42.74,145.63,153.4,976.62
2017-06-23,1.1194,111.29,2438.3,7424.13,12733.41,1867.46,3157.87,20132.67,1256.82,43.01,146.28,155.07,986.09
2017-06-24,NA,NA,NA,NA,NA,NA,NA,NA,NA,NA,NA,NA,NA
2017-06-25,NA,NA,NA,NA,NA,NA,NA,20118,NA,43.24,NA,NA,NA
2017-06-26,1.1182,111.84,2439.07,7446.8,12770.83,1860.39,3185.44,20153.35,1243.19,43.38,145.82,153.59,972.09
2017-06-27,1.1339,112.36,2419.38,7434.36,12671.02,1878.94,3191.2,20225.09,1249.25,44.24,143.73,150.58,948.09
2017-06-28,1.1378,112.3,2440.69,7387.8,12647.27,1891.98,3173.2,20130.41,1249.8,44.74,145.83,153.24,961.01
2017-06-29,1.144,112.18,2419.7,7350.32,12416.19,1881.04,3188.06,20220.3,1246.56,44.93,143.68,151.04,937.82
2017-06-30,1.1426,112.38,2423.41,7312.72,12325.12,1879.5,3192.43,20033.43,1241.58,46.04,144.02,150.98,929.68
2017-07-03,1.1364,113.39,"2,429.01","7,377.09","12,475.31","1,902.59","3,195.91","20,055.80","1,223.53",47.07,143.5,148.43,919.46
